assay,n_rep,monosome_fitness,monosome_rate,revert_rate,n_gen
a0,36,0.1,1.00E-07,1.00E-07,25
a1,36,0.1,1.00E-07,4.64E-07,25
a2,36,0.1,1.00E-07,2.15E-06,25
a3,36,0.1,1.00E-07,1.00E-05,25
a4,36,0.1,1.00E-07,4.64E-05,25
a5,36,0.1,1.00E-07,0.000215443,25
a6,36,0.1,1.00E-07,0.001,25
a7,36,0.1,1.00E-07,0.004641589,25
a8,36,0.1,1.00E-07,0.021544347,25
a9,36,0.1,1.00E-07,0.1,25
a10,36,0.1,2.15E-07,1.00E-07,25
a11,36,0.1,2.15E-07,4.64E-07,25
a12,36,0.1,2.15E-07,2.15E-06,25
a13,36,0.1,2.15E-07,1.00E-05,25
a14,36,0.1,2.15E-07,4.64E-05,25
a15,36,0.1,2.15E-07,0.000215443,25
a16,36,0.1,2.15E-07,0.001,25
a17,36,0.1,2.15E-07,0.004641589,25
a18,36,0.1,2.15E-07,0.021544347,25
a19,36,0.1,2.15E-07,0.1,25
a20,36,0.1,4.64E-07,1.00E-07,25
a21,36,0.1,4.64E-07,4.64E-07,25
a22,36,0.1,4.64E-07,2.15E-06,25
a23,36,0.1,4.64E-07,1.00E-05,25
a24,36,0.1,4.64E-07,4.64E-05,25
a25,36,0.1,4.64E-07,0.000215443,25
a26,36,0.1,4.64E-07,0.001,25
a27,36,0.1,4.64E-07,0.004641589,25
a28,36,0.1,4.64E-07,0.021544347,25
a29,36,0.1,4.64E-07,0.1,25
a30,36,0.1,1.00E-06,1.00E-07,25
a31,36,0.1,1.00E-06,4.64E-07,25
a32,36,0.1,1.00E-06,2.15E-06,25
a33,36,0.1,1.00E-06,1.00E-05,25
a34,36,0.1,1.00E-06,4.64E-05,25
a35,36,0.1,1.00E-06,0.000215443,25
a36,36,0.1,1.00E-06,0.001,25
a37,36,0.1,1.00E-06,0.004641589,25
a38,36,0.1,1.00E-06,0.021544347,25
a39,36,0.1,1.00E-06,0.1,25
a40,36,0.1,2.15E-06,1.00E-07,24
a41,36,0.1,2.15E-06,4.64E-07,24
a42,36,0.1,2.15E-06,2.15E-06,24
a43,36,0.1,2.15E-06,1.00E-05,24
a44,36,0.1,2.15E-06,4.64E-05,24
a45,36,0.1,2.15E-06,0.000215443,24
a46,36,0.1,2.15E-06,0.001,24
a47,36,0.1,2.15E-06,0.004641589,24
a48,36,0.1,2.15E-06,0.021544347,24
a49,36,0.1,2.15E-06,0.1,24
a50,36,0.1,4.64E-06,1.00E-07,23
a51,36,0.1,4.64E-06,4.64E-07,23
a52,36,0.1,4.64E-06,2.15E-06,23
a53,36,0.1,4.64E-06,1.00E-05,23
a54,36,0.1,4.64E-06,4.64E-05,23
a55,36,0.1,4.64E-06,0.000215443,23
a56,36,0.1,4.64E-06,0.001,23
a57,36,0.1,4.64E-06,0.004641589,23
a58,36,0.1,4.64E-06,0.021544347,23
a59,36,0.1,4.64E-06,0.1,23
a60,36,0.1,1.00E-05,1.00E-07,21
a61,36,0.1,1.00E-05,4.64E-07,21
a62,36,0.1,1.00E-05,2.15E-06,21
a63,36,0.1,1.00E-05,1.00E-05,21
a64,36,0.1,1.00E-05,4.64E-05,21
a65,36,0.1,1.00E-05,0.000215443,21
a66,36,0.1,1.00E-05,0.001,21
a67,36,0.1,1.00E-05,0.004641589,21
a68,36,0.1,1.00E-05,0.021544347,21
a69,36,0.1,1.00E-05,0.1,21
a70,36,0.1,2.15E-05,1.00E-07,20
a71,36,0.1,2.15E-05,4.64E-07,20
a72,36,0.1,2.15E-05,2.15E-06,20
a73,36,0.1,2.15E-05,1.00E-05,20
a74,36,0.1,2.15E-05,4.64E-05,20
a75,36,0.1,2.15E-05,0.000215443,20
a76,36,0.1,2.15E-05,0.001,20
a77,36,0.1,2.15E-05,0.004641589,20
a78,36,0.1,2.15E-05,0.021544347,20
a79,36,0.1,2.15E-05,0.1,20
a80,36,0.1,4.64E-05,1.00E-07,19
a81,36,0.1,4.64E-05,4.64E-07,19
a82,36,0.1,4.64E-05,2.15E-06,19
a83,36,0.1,4.64E-05,1.00E-05,19
a84,36,0.1,4.64E-05,4.64E-05,19
a85,36,0.1,4.64E-05,0.000215443,19
a86,36,0.1,4.64E-05,0.001,19
a87,36,0.1,4.64E-05,0.004641589,19
a88,36,0.1,4.64E-05,0.021544347,19
a89,36,0.1,4.64E-05,0.1,19
a90,36,0.1,0.0001,1.00E-07,18
a91,36,0.1,0.0001,4.64E-07,18
a92,36,0.1,0.0001,2.15E-06,18
a93,36,0.1,0.0001,1.00E-05,18
a94,36,0.1,0.0001,4.64E-05,18
a95,36,0.1,0.0001,0.000215443,18
a96,36,0.1,0.0001,0.001,18
a97,36,0.1,0.0001,0.004641589,18
a98,36,0.1,0.0001,0.021544347,18
a99,36,0.1,0.0001,0.1,18
a100,36,0.2,1.00E-07,1.00E-07,25
a101,36,0.2,1.00E-07,4.64E-07,25
a102,36,0.2,1.00E-07,2.15E-06,25
a103,36,0.2,1.00E-07,1.00E-05,25
a104,36,0.2,1.00E-07,4.64E-05,25
a105,36,0.2,1.00E-07,0.000215443,25
a106,36,0.2,1.00E-07,0.001,25
a107,36,0.2,1.00E-07,0.004641589,25
a108,36,0.2,1.00E-07,0.021544347,25
a109,36,0.2,1.00E-07,0.1,25
a110,36,0.2,2.15E-07,1.00E-07,25
a111,36,0.2,2.15E-07,4.64E-07,25
a112,36,0.2,2.15E-07,2.15E-06,25
a113,36,0.2,2.15E-07,1.00E-05,25
a114,36,0.2,2.15E-07,4.64E-05,25
a115,36,0.2,2.15E-07,0.000215443,25
a116,36,0.2,2.15E-07,0.001,25
a117,36,0.2,2.15E-07,0.004641589,25
a118,36,0.2,2.15E-07,0.021544347,25
a119,36,0.2,2.15E-07,0.1,25
a120,36,0.2,4.64E-07,1.00E-07,25
a121,36,0.2,4.64E-07,4.64E-07,25
a122,36,0.2,4.64E-07,2.15E-06,25
a123,36,0.2,4.64E-07,1.00E-05,25
a124,36,0.2,4.64E-07,4.64E-05,25
a125,36,0.2,4.64E-07,0.000215443,25
a126,36,0.2,4.64E-07,0.001,25
a127,36,0.2,4.64E-07,0.004641589,25
a128,36,0.2,4.64E-07,0.021544347,25
a129,36,0.2,4.64E-07,0.1,25
a130,36,0.2,1.00E-06,1.00E-07,25
a131,36,0.2,1.00E-06,4.64E-07,25
a132,36,0.2,1.00E-06,2.15E-06,25
a133,36,0.2,1.00E-06,1.00E-05,25
a134,36,0.2,1.00E-06,4.64E-05,25
a135,36,0.2,1.00E-06,0.000215443,25
a136,36,0.2,1.00E-06,0.001,25
a137,36,0.2,1.00E-06,0.004641589,25
a138,36,0.2,1.00E-06,0.021544347,25
a139,36,0.2,1.00E-06,0.1,25
a140,36,0.2,2.15E-06,1.00E-07,24
a141,36,0.2,2.15E-06,4.64E-07,24
a142,36,0.2,2.15E-06,2.15E-06,24
a143,36,0.2,2.15E-06,1.00E-05,24
a144,36,0.2,2.15E-06,4.64E-05,24
a145,36,0.2,2.15E-06,0.000215443,24
a146,36,0.2,2.15E-06,0.001,24
a147,36,0.2,2.15E-06,0.004641589,24
a148,36,0.2,2.15E-06,0.021544347,24
a149,36,0.2,2.15E-06,0.1,24
a150,36,0.2,4.64E-06,1.00E-07,23
a151,36,0.2,4.64E-06,4.64E-07,23
a152,36,0.2,4.64E-06,2.15E-06,23
a153,36,0.2,4.64E-06,1.00E-05,23
a154,36,0.2,4.64E-06,4.64E-05,23
a155,36,0.2,4.64E-06,0.000215443,23
a156,36,0.2,4.64E-06,0.001,23
a157,36,0.2,4.64E-06,0.004641589,23
a158,36,0.2,4.64E-06,0.021544347,23
a159,36,0.2,4.64E-06,0.1,23
a160,36,0.2,1.00E-05,1.00E-07,21
a161,36,0.2,1.00E-05,4.64E-07,21
a162,36,0.2,1.00E-05,2.15E-06,21
a163,36,0.2,1.00E-05,1.00E-05,21
a164,36,0.2,1.00E-05,4.64E-05,21
a165,36,0.2,1.00E-05,0.000215443,21
a166,36,0.2,1.00E-05,0.001,21
a167,36,0.2,1.00E-05,0.004641589,21
a168,36,0.2,1.00E-05,0.021544347,21
a169,36,0.2,1.00E-05,0.1,21
a170,36,0.2,2.15E-05,1.00E-07,20
a171,36,0.2,2.15E-05,4.64E-07,20
a172,36,0.2,2.15E-05,2.15E-06,20
a173,36,0.2,2.15E-05,1.00E-05,20
a174,36,0.2,2.15E-05,4.64E-05,20
a175,36,0.2,2.15E-05,0.000215443,20
a176,36,0.2,2.15E-05,0.001,20
a177,36,0.2,2.15E-05,0.004641589,20
a178,36,0.2,2.15E-05,0.021544347,20
a179,36,0.2,2.15E-05,0.1,20
a180,36,0.2,4.64E-05,1.00E-07,19
a181,36,0.2,4.64E-05,4.64E-07,19
a182,36,0.2,4.64E-05,2.15E-06,19
a183,36,0.2,4.64E-05,1.00E-05,19
a184,36,0.2,4.64E-05,4.64E-05,19
a185,36,0.2,4.64E-05,0.000215443,19
a186,36,0.2,4.64E-05,0.001,19
a187,36,0.2,4.64E-05,0.004641589,19
a188,36,0.2,4.64E-05,0.021544347,19
a189,36,0.2,4.64E-05,0.1,19
a190,36,0.2,0.0001,1.00E-07,18
a191,36,0.2,0.0001,4.64E-07,18
a192,36,0.2,0.0001,2.15E-06,18
a193,36,0.2,0.0001,1.00E-05,18
a194,36,0.2,0.0001,4.64E-05,18
a195,36,0.2,0.0001,0.000215443,18
a196,36,0.2,0.0001,0.001,18
a197,36,0.2,0.0001,0.004641589,18
a198,36,0.2,0.0001,0.021544347,18
a199,36,0.2,0.0001,0.1,18
a200,36,0.3,1.00E-07,1.00E-07,25
a201,36,0.3,1.00E-07,4.64E-07,25
a202,36,0.3,1.00E-07,2.15E-06,25
a203,36,0.3,1.00E-07,1.00E-05,25
a204,36,0.3,1.00E-07,4.64E-05,25
a205,36,0.3,1.00E-07,0.000215443,25
a206,36,0.3,1.00E-07,0.001,25
a207,36,0.3,1.00E-07,0.004641589,25
a208,36,0.3,1.00E-07,0.021544347,25
a209,36,0.3,1.00E-07,0.1,25
a210,36,0.3,2.15E-07,1.00E-07,25
a211,36,0.3,2.15E-07,4.64E-07,25
a212,36,0.3,2.15E-07,2.15E-06,25
a213,36,0.3,2.15E-07,1.00E-05,25
a214,36,0.3,2.15E-07,4.64E-05,25
a215,36,0.3,2.15E-07,0.000215443,25
a216,36,0.3,2.15E-07,0.001,25
a217,36,0.3,2.15E-07,0.004641589,25
a218,36,0.3,2.15E-07,0.021544347,25
a219,36,0.3,2.15E-07,0.1,25
a220,36,0.3,4.64E-07,1.00E-07,25
a221,36,0.3,4.64E-07,4.64E-07,25
a222,36,0.3,4.64E-07,2.15E-06,25
a223,36,0.3,4.64E-07,1.00E-05,25
a224,36,0.3,4.64E-07,4.64E-05,25
a225,36,0.3,4.64E-07,0.000215443,25
a226,36,0.3,4.64E-07,0.001,25
a227,36,0.3,4.64E-07,0.004641589,25
a228,36,0.3,4.64E-07,0.021544347,25
a229,36,0.3,4.64E-07,0.1,25
a230,36,0.3,1.00E-06,1.00E-07,25
a231,36,0.3,1.00E-06,4.64E-07,25
a232,36,0.3,1.00E-06,2.15E-06,25
a233,36,0.3,1.00E-06,1.00E-05,25
a234,36,0.3,1.00E-06,4.64E-05,25
a235,36,0.3,1.00E-06,0.000215443,25
a236,36,0.3,1.00E-06,0.001,25
a237,36,0.3,1.00E-06,0.004641589,25
a238,36,0.3,1.00E-06,0.021544347,25
a239,36,0.3,1.00E-06,0.1,25
a240,36,0.3,2.15E-06,1.00E-07,24
a241,36,0.3,2.15E-06,4.64E-07,24
a242,36,0.3,2.15E-06,2.15E-06,24
a243,36,0.3,2.15E-06,1.00E-05,24
a244,36,0.3,2.15E-06,4.64E-05,24
a245,36,0.3,2.15E-06,0.000215443,24
a246,36,0.3,2.15E-06,0.001,24
a247,36,0.3,2.15E-06,0.004641589,24
a248,36,0.3,2.15E-06,0.021544347,24
a249,36,0.3,2.15E-06,0.1,24
a250,36,0.3,4.64E-06,1.00E-07,23
a251,36,0.3,4.64E-06,4.64E-07,23
a252,36,0.3,4.64E-06,2.15E-06,23
a253,36,0.3,4.64E-06,1.00E-05,23
a254,36,0.3,4.64E-06,4.64E-05,23
a255,36,0.3,4.64E-06,0.000215443,23
a256,36,0.3,4.64E-06,0.001,23
a257,36,0.3,4.64E-06,0.004641589,23
a258,36,0.3,4.64E-06,0.021544347,23
a259,36,0.3,4.64E-06,0.1,23
a260,36,0.3,1.00E-05,1.00E-07,21
a261,36,0.3,1.00E-05,4.64E-07,21
a262,36,0.3,1.00E-05,2.15E-06,21
a263,36,0.3,1.00E-05,1.00E-05,21
a264,36,0.3,1.00E-05,4.64E-05,21
a265,36,0.3,1.00E-05,0.000215443,21
a266,36,0.3,1.00E-05,0.001,21
a267,36,0.3,1.00E-05,0.004641589,21
a268,36,0.3,1.00E-05,0.021544347,21
a269,36,0.3,1.00E-05,0.1,21
a270,36,0.3,2.15E-05,1.00E-07,20
a271,36,0.3,2.15E-05,4.64E-07,20
a272,36,0.3,2.15E-05,2.15E-06,20
a273,36,0.3,2.15E-05,1.00E-05,20
a274,36,0.3,2.15E-05,4.64E-05,20
a275,36,0.3,2.15E-05,0.000215443,20
a276,36,0.3,2.15E-05,0.001,20
a277,36,0.3,2.15E-05,0.004641589,20
a278,36,0.3,2.15E-05,0.021544347,20
a279,36,0.3,2.15E-05,0.1,20
a280,36,0.3,4.64E-05,1.00E-07,19
a281,36,0.3,4.64E-05,4.64E-07,19
a282,36,0.3,4.64E-05,2.15E-06,19
a283,36,0.3,4.64E-05,1.00E-05,19
a284,36,0.3,4.64E-05,4.64E-05,19
a285,36,0.3,4.64E-05,0.000215443,19
a286,36,0.3,4.64E-05,0.001,19
a287,36,0.3,4.64E-05,0.004641589,19
a288,36,0.3,4.64E-05,0.021544347,19
a289,36,0.3,4.64E-05,0.1,19
a290,36,0.3,0.0001,1.00E-07,18
a291,36,0.3,0.0001,4.64E-07,18
a292,36,0.3,0.0001,2.15E-06,18
a293,36,0.3,0.0001,1.00E-05,18
a294,36,0.3,0.0001,4.64E-05,18
a295,36,0.3,0.0001,0.000215443,18
a296,36,0.3,0.0001,0.001,18
a297,36,0.3,0.0001,0.004641589,18
a298,36,0.3,0.0001,0.021544347,18
a299,36,0.3,0.0001,0.1,18
a300,36,0.4,1.00E-07,1.00E-07,25
a301,36,0.4,1.00E-07,4.64E-07,25
a302,36,0.4,1.00E-07,2.15E-06,25
a303,36,0.4,1.00E-07,1.00E-05,25
a304,36,0.4,1.00E-07,4.64E-05,25
a305,36,0.4,1.00E-07,0.000215443,25
a306,36,0.4,1.00E-07,0.001,25
a307,36,0.4,1.00E-07,0.004641589,25
a308,36,0.4,1.00E-07,0.021544347,25
a309,36,0.4,1.00E-07,0.1,25
a310,36,0.4,2.15E-07,1.00E-07,25
a311,36,0.4,2.15E-07,4.64E-07,25
a312,36,0.4,2.15E-07,2.15E-06,25
a313,36,0.4,2.15E-07,1.00E-05,25
a314,36,0.4,2.15E-07,4.64E-05,25
a315,36,0.4,2.15E-07,0.000215443,25
a316,36,0.4,2.15E-07,0.001,25
a317,36,0.4,2.15E-07,0.004641589,25
a318,36,0.4,2.15E-07,0.021544347,25
a319,36,0.4,2.15E-07,0.1,25
a320,36,0.4,4.64E-07,1.00E-07,25
a321,36,0.4,4.64E-07,4.64E-07,25
a322,36,0.4,4.64E-07,2.15E-06,25
a323,36,0.4,4.64E-07,1.00E-05,25
a324,36,0.4,4.64E-07,4.64E-05,25
a325,36,0.4,4.64E-07,0.000215443,25
a326,36,0.4,4.64E-07,0.001,25
a327,36,0.4,4.64E-07,0.004641589,25
a328,36,0.4,4.64E-07,0.021544347,25
a329,36,0.4,4.64E-07,0.1,25
a330,36,0.4,1.00E-06,1.00E-07,25
a331,36,0.4,1.00E-06,4.64E-07,25
a332,36,0.4,1.00E-06,2.15E-06,25
a333,36,0.4,1.00E-06,1.00E-05,25
a334,36,0.4,1.00E-06,4.64E-05,25
a335,36,0.4,1.00E-06,0.000215443,25
a336,36,0.4,1.00E-06,0.001,25
a337,36,0.4,1.00E-06,0.004641589,25
a338,36,0.4,1.00E-06,0.021544347,25
a339,36,0.4,1.00E-06,0.1,25
a340,36,0.4,2.15E-06,1.00E-07,24
a341,36,0.4,2.15E-06,4.64E-07,24
a342,36,0.4,2.15E-06,2.15E-06,24
a343,36,0.4,2.15E-06,1.00E-05,24
a344,36,0.4,2.15E-06,4.64E-05,24
a345,36,0.4,2.15E-06,0.000215443,24
a346,36,0.4,2.15E-06,0.001,24
a347,36,0.4,2.15E-06,0.004641589,24
a348,36,0.4,2.15E-06,0.021544347,24
a349,36,0.4,2.15E-06,0.1,24
a350,36,0.4,4.64E-06,1.00E-07,23
a351,36,0.4,4.64E-06,4.64E-07,23
a352,36,0.4,4.64E-06,2.15E-06,23
a353,36,0.4,4.64E-06,1.00E-05,23
a354,36,0.4,4.64E-06,4.64E-05,23
a355,36,0.4,4.64E-06,0.000215443,23
a356,36,0.4,4.64E-06,0.001,23
a357,36,0.4,4.64E-06,0.004641589,23
a358,36,0.4,4.64E-06,0.021544347,23
a359,36,0.4,4.64E-06,0.1,23
a360,36,0.4,1.00E-05,1.00E-07,21
a361,36,0.4,1.00E-05,4.64E-07,21
a362,36,0.4,1.00E-05,2.15E-06,21
a363,36,0.4,1.00E-05,1.00E-05,21
a364,36,0.4,1.00E-05,4.64E-05,21
a365,36,0.4,1.00E-05,0.000215443,21
a366,36,0.4,1.00E-05,0.001,21
a367,36,0.4,1.00E-05,0.004641589,21
a368,36,0.4,1.00E-05,0.021544347,21
a369,36,0.4,1.00E-05,0.1,21
a370,36,0.4,2.15E-05,1.00E-07,20
a371,36,0.4,2.15E-05,4.64E-07,20
a372,36,0.4,2.15E-05,2.15E-06,20
a373,36,0.4,2.15E-05,1.00E-05,20
a374,36,0.4,2.15E-05,4.64E-05,20
a375,36,0.4,2.15E-05,0.000215443,20
a376,36,0.4,2.15E-05,0.001,20
a377,36,0.4,2.15E-05,0.004641589,20
a378,36,0.4,2.15E-05,0.021544347,20
a379,36,0.4,2.15E-05,0.1,20
a380,36,0.4,4.64E-05,1.00E-07,19
a381,36,0.4,4.64E-05,4.64E-07,19
a382,36,0.4,4.64E-05,2.15E-06,19
a383,36,0.4,4.64E-05,1.00E-05,19
a384,36,0.4,4.64E-05,4.64E-05,19
a385,36,0.4,4.64E-05,0.000215443,19
a386,36,0.4,4.64E-05,0.001,19
a387,36,0.4,4.64E-05,0.004641589,19
a388,36,0.4,4.64E-05,0.021544347,19
a389,36,0.4,4.64E-05,0.1,19
a390,36,0.4,0.0001,1.00E-07,18
a391,36,0.4,0.0001,4.64E-07,18
a392,36,0.4,0.0001,2.15E-06,18
a393,36,0.4,0.0001,1.00E-05,18
a394,36,0.4,0.0001,4.64E-05,18
a395,36,0.4,0.0001,0.000215443,18
a396,36,0.4,0.0001,0.001,18
a397,36,0.4,0.0001,0.004641589,18
a398,36,0.4,0.0001,0.021544347,18
a399,36,0.4,0.0001,0.1,18
a400,36,0.5,1.00E-07,1.00E-07,25
a401,36,0.5,1.00E-07,4.64E-07,25
a402,36,0.5,1.00E-07,2.15E-06,25
a403,36,0.5,1.00E-07,1.00E-05,25
a404,36,0.5,1.00E-07,4.64E-05,25
a405,36,0.5,1.00E-07,0.000215443,25
a406,36,0.5,1.00E-07,0.001,25
a407,36,0.5,1.00E-07,0.004641589,25
a408,36,0.5,1.00E-07,0.021544347,25
a409,36,0.5,1.00E-07,0.1,25
a410,36,0.5,2.15E-07,1.00E-07,25
a411,36,0.5,2.15E-07,4.64E-07,25
a412,36,0.5,2.15E-07,2.15E-06,25
a413,36,0.5,2.15E-07,1.00E-05,25
a414,36,0.5,2.15E-07,4.64E-05,25
a415,36,0.5,2.15E-07,0.000215443,25
a416,36,0.5,2.15E-07,0.001,25
a417,36,0.5,2.15E-07,0.004641589,25
a418,36,0.5,2.15E-07,0.021544347,25
a419,36,0.5,2.15E-07,0.1,25
a420,36,0.5,4.64E-07,1.00E-07,25
a421,36,0.5,4.64E-07,4.64E-07,25
a422,36,0.5,4.64E-07,2.15E-06,25
a423,36,0.5,4.64E-07,1.00E-05,25
a424,36,0.5,4.64E-07,4.64E-05,25
a425,36,0.5,4.64E-07,0.000215443,25
a426,36,0.5,4.64E-07,0.001,25
a427,36,0.5,4.64E-07,0.004641589,25
a428,36,0.5,4.64E-07,0.021544347,25
a429,36,0.5,4.64E-07,0.1,25
a430,36,0.5,1.00E-06,1.00E-07,25
a431,36,0.5,1.00E-06,4.64E-07,25
a432,36,0.5,1.00E-06,2.15E-06,25
a433,36,0.5,1.00E-06,1.00E-05,25
a434,36,0.5,1.00E-06,4.64E-05,25
a435,36,0.5,1.00E-06,0.000215443,25
a436,36,0.5,1.00E-06,0.001,25
a437,36,0.5,1.00E-06,0.004641589,25
a438,36,0.5,1.00E-06,0.021544347,25
a439,36,0.5,1.00E-06,0.1,25
a440,36,0.5,2.15E-06,1.00E-07,24
a441,36,0.5,2.15E-06,4.64E-07,24
a442,36,0.5,2.15E-06,2.15E-06,24
a443,36,0.5,2.15E-06,1.00E-05,24
a444,36,0.5,2.15E-06,4.64E-05,24
a445,36,0.5,2.15E-06,0.000215443,24
a446,36,0.5,2.15E-06,0.001,24
a447,36,0.5,2.15E-06,0.004641589,24
a448,36,0.5,2.15E-06,0.021544347,24
a449,36,0.5,2.15E-06,0.1,24
a450,36,0.5,4.64E-06,1.00E-07,23
a451,36,0.5,4.64E-06,4.64E-07,23
a452,36,0.5,4.64E-06,2.15E-06,23
a453,36,0.5,4.64E-06,1.00E-05,23
a454,36,0.5,4.64E-06,4.64E-05,23
a455,36,0.5,4.64E-06,0.000215443,23
a456,36,0.5,4.64E-06,0.001,23
a457,36,0.5,4.64E-06,0.004641589,23
a458,36,0.5,4.64E-06,0.021544347,23
a459,36,0.5,4.64E-06,0.1,23
a460,36,0.5,1.00E-05,1.00E-07,21
a461,36,0.5,1.00E-05,4.64E-07,21
a462,36,0.5,1.00E-05,2.15E-06,21
a463,36,0.5,1.00E-05,1.00E-05,21
a464,36,0.5,1.00E-05,4.64E-05,21
a465,36,0.5,1.00E-05,0.000215443,21
a466,36,0.5,1.00E-05,0.001,21
a467,36,0.5,1.00E-05,0.004641589,21
a468,36,0.5,1.00E-05,0.021544347,21
a469,36,0.5,1.00E-05,0.1,21
a470,36,0.5,2.15E-05,1.00E-07,20
a471,36,0.5,2.15E-05,4.64E-07,20
a472,36,0.5,2.15E-05,2.15E-06,20
a473,36,0.5,2.15E-05,1.00E-05,20
a474,36,0.5,2.15E-05,4.64E-05,20
a475,36,0.5,2.15E-05,0.000215443,20
a476,36,0.5,2.15E-05,0.001,20
a477,36,0.5,2.15E-05,0.004641589,20
a478,36,0.5,2.15E-05,0.021544347,20
a479,36,0.5,2.15E-05,0.1,20
a480,36,0.5,4.64E-05,1.00E-07,19
a481,36,0.5,4.64E-05,4.64E-07,19
a482,36,0.5,4.64E-05,2.15E-06,19
a483,36,0.5,4.64E-05,1.00E-05,19
a484,36,0.5,4.64E-05,4.64E-05,19
a485,36,0.5,4.64E-05,0.000215443,19
a486,36,0.5,4.64E-05,0.001,19
a487,36,0.5,4.64E-05,0.004641589,19
a488,36,0.5,4.64E-05,0.021544347,19
a489,36,0.5,4.64E-05,0.1,19
a490,36,0.5,0.0001,1.00E-07,18
a491,36,0.5,0.0001,4.64E-07,18
a492,36,0.5,0.0001,2.15E-06,18
a493,36,0.5,0.0001,1.00E-05,18
a494,36,0.5,0.0001,4.64E-05,18
a495,36,0.5,0.0001,0.000215443,18
a496,36,0.5,0.0001,0.001,18
a497,36,0.5,0.0001,0.004641589,18
a498,36,0.5,0.0001,0.021544347,18
a499,36,0.5,0.0001,0.1,18
a500,36,0.6,1.00E-07,1.00E-07,25
a501,36,0.6,1.00E-07,4.64E-07,25
a502,36,0.6,1.00E-07,2.15E-06,25
a503,36,0.6,1.00E-07,1.00E-05,25
a504,36,0.6,1.00E-07,4.64E-05,25
a505,36,0.6,1.00E-07,0.000215443,25
a506,36,0.6,1.00E-07,0.001,25
a507,36,0.6,1.00E-07,0.004641589,25
a508,36,0.6,1.00E-07,0.021544347,25
a509,36,0.6,1.00E-07,0.1,25
a510,36,0.6,2.15E-07,1.00E-07,25
a511,36,0.6,2.15E-07,4.64E-07,25
a512,36,0.6,2.15E-07,2.15E-06,25
a513,36,0.6,2.15E-07,1.00E-05,25
a514,36,0.6,2.15E-07,4.64E-05,25
a515,36,0.6,2.15E-07,0.000215443,25
a516,36,0.6,2.15E-07,0.001,25
a517,36,0.6,2.15E-07,0.004641589,25
a518,36,0.6,2.15E-07,0.021544347,25
a519,36,0.6,2.15E-07,0.1,25
a520,36,0.6,4.64E-07,1.00E-07,25
a521,36,0.6,4.64E-07,4.64E-07,25
a522,36,0.6,4.64E-07,2.15E-06,25
a523,36,0.6,4.64E-07,1.00E-05,25
a524,36,0.6,4.64E-07,4.64E-05,25
a525,36,0.6,4.64E-07,0.000215443,25
a526,36,0.6,4.64E-07,0.001,25
a527,36,0.6,4.64E-07,0.004641589,25
a528,36,0.6,4.64E-07,0.021544347,25
a529,36,0.6,4.64E-07,0.1,25
a530,36,0.6,1.00E-06,1.00E-07,25
a531,36,0.6,1.00E-06,4.64E-07,25
a532,36,0.6,1.00E-06,2.15E-06,25
a533,36,0.6,1.00E-06,1.00E-05,25
a534,36,0.6,1.00E-06,4.64E-05,25
a535,36,0.6,1.00E-06,0.000215443,25
a536,36,0.6,1.00E-06,0.001,25
a537,36,0.6,1.00E-06,0.004641589,25
a538,36,0.6,1.00E-06,0.021544347,25
a539,36,0.6,1.00E-06,0.1,25
a540,36,0.6,2.15E-06,1.00E-07,24
a541,36,0.6,2.15E-06,4.64E-07,24
a542,36,0.6,2.15E-06,2.15E-06,24
a543,36,0.6,2.15E-06,1.00E-05,24
a544,36,0.6,2.15E-06,4.64E-05,24
a545,36,0.6,2.15E-06,0.000215443,24
a546,36,0.6,2.15E-06,0.001,24
a547,36,0.6,2.15E-06,0.004641589,24
a548,36,0.6,2.15E-06,0.021544347,24
a549,36,0.6,2.15E-06,0.1,24
a550,36,0.6,4.64E-06,1.00E-07,23
a551,36,0.6,4.64E-06,4.64E-07,23
a552,36,0.6,4.64E-06,2.15E-06,23
a553,36,0.6,4.64E-06,1.00E-05,23
a554,36,0.6,4.64E-06,4.64E-05,23
a555,36,0.6,4.64E-06,0.000215443,23
a556,36,0.6,4.64E-06,0.001,23
a557,36,0.6,4.64E-06,0.004641589,23
a558,36,0.6,4.64E-06,0.021544347,23
a559,36,0.6,4.64E-06,0.1,23
a560,36,0.6,1.00E-05,1.00E-07,21
a561,36,0.6,1.00E-05,4.64E-07,21
a562,36,0.6,1.00E-05,2.15E-06,21
a563,36,0.6,1.00E-05,1.00E-05,21
a564,36,0.6,1.00E-05,4.64E-05,21
a565,36,0.6,1.00E-05,0.000215443,21
a566,36,0.6,1.00E-05,0.001,21
a567,36,0.6,1.00E-05,0.004641589,21
a568,36,0.6,1.00E-05,0.021544347,21
a569,36,0.6,1.00E-05,0.1,21
a570,36,0.6,2.15E-05,1.00E-07,20
a571,36,0.6,2.15E-05,4.64E-07,20
a572,36,0.6,2.15E-05,2.15E-06,20
a573,36,0.6,2.15E-05,1.00E-05,20
a574,36,0.6,2.15E-05,4.64E-05,20
a575,36,0.6,2.15E-05,0.000215443,20
a576,36,0.6,2.15E-05,0.001,20
a577,36,0.6,2.15E-05,0.004641589,20
a578,36,0.6,2.15E-05,0.021544347,20
a579,36,0.6,2.15E-05,0.1,20
a580,36,0.6,4.64E-05,1.00E-07,19
a581,36,0.6,4.64E-05,4.64E-07,19
a582,36,0.6,4.64E-05,2.15E-06,19
a583,36,0.6,4.64E-05,1.00E-05,19
a584,36,0.6,4.64E-05,4.64E-05,19
a585,36,0.6,4.64E-05,0.000215443,19
a586,36,0.6,4.64E-05,0.001,19
a587,36,0.6,4.64E-05,0.004641589,19
a588,36,0.6,4.64E-05,0.021544347,19
a589,36,0.6,4.64E-05,0.1,19
a590,36,0.6,0.0001,1.00E-07,18
a591,36,0.6,0.0001,4.64E-07,18
a592,36,0.6,0.0001,2.15E-06,18
a593,36,0.6,0.0001,1.00E-05,18
a594,36,0.6,0.0001,4.64E-05,18
a595,36,0.6,0.0001,0.000215443,18
a596,36,0.6,0.0001,0.001,18
a597,36,0.6,0.0001,0.004641589,18
a598,36,0.6,0.0001,0.021544347,18
a599,36,0.6,0.0001,0.1,18
a600,36,0.7,1.00E-07,1.00E-07,25
a601,36,0.7,1.00E-07,4.64E-07,25
a602,36,0.7,1.00E-07,2.15E-06,25
a603,36,0.7,1.00E-07,1.00E-05,25
a604,36,0.7,1.00E-07,4.64E-05,25
a605,36,0.7,1.00E-07,0.000215443,25
a606,36,0.7,1.00E-07,0.001,25
a607,36,0.7,1.00E-07,0.004641589,25
a608,36,0.7,1.00E-07,0.021544347,25
a609,36,0.7,1.00E-07,0.1,25
a610,36,0.7,2.15E-07,1.00E-07,25
a611,36,0.7,2.15E-07,4.64E-07,25
a612,36,0.7,2.15E-07,2.15E-06,25
a613,36,0.7,2.15E-07,1.00E-05,25
a614,36,0.7,2.15E-07,4.64E-05,25
a615,36,0.7,2.15E-07,0.000215443,25
a616,36,0.7,2.15E-07,0.001,25
a617,36,0.7,2.15E-07,0.004641589,25
a618,36,0.7,2.15E-07,0.021544347,25
a619,36,0.7,2.15E-07,0.1,25
a620,36,0.7,4.64E-07,1.00E-07,25
a621,36,0.7,4.64E-07,4.64E-07,25
a622,36,0.7,4.64E-07,2.15E-06,25
a623,36,0.7,4.64E-07,1.00E-05,25
a624,36,0.7,4.64E-07,4.64E-05,25
a625,36,0.7,4.64E-07,0.000215443,25
a626,36,0.7,4.64E-07,0.001,25
a627,36,0.7,4.64E-07,0.004641589,25
a628,36,0.7,4.64E-07,0.021544347,25
a629,36,0.7,4.64E-07,0.1,25
a630,36,0.7,1.00E-06,1.00E-07,25
a631,36,0.7,1.00E-06,4.64E-07,25
a632,36,0.7,1.00E-06,2.15E-06,25
a633,36,0.7,1.00E-06,1.00E-05,25
a634,36,0.7,1.00E-06,4.64E-05,25
a635,36,0.7,1.00E-06,0.000215443,25
a636,36,0.7,1.00E-06,0.001,25
a637,36,0.7,1.00E-06,0.004641589,25
a638,36,0.7,1.00E-06,0.021544347,25
a639,36,0.7,1.00E-06,0.1,25
a640,36,0.7,2.15E-06,1.00E-07,24
a641,36,0.7,2.15E-06,4.64E-07,24
a642,36,0.7,2.15E-06,2.15E-06,24
a643,36,0.7,2.15E-06,1.00E-05,24
a644,36,0.7,2.15E-06,4.64E-05,24
a645,36,0.7,2.15E-06,0.000215443,24
a646,36,0.7,2.15E-06,0.001,24
a647,36,0.7,2.15E-06,0.004641589,24
a648,36,0.7,2.15E-06,0.021544347,24
a649,36,0.7,2.15E-06,0.1,24
a650,36,0.7,4.64E-06,1.00E-07,23
a651,36,0.7,4.64E-06,4.64E-07,23
a652,36,0.7,4.64E-06,2.15E-06,23
a653,36,0.7,4.64E-06,1.00E-05,23
a654,36,0.7,4.64E-06,4.64E-05,23
a655,36,0.7,4.64E-06,0.000215443,23
a656,36,0.7,4.64E-06,0.001,23
a657,36,0.7,4.64E-06,0.004641589,23
a658,36,0.7,4.64E-06,0.021544347,23
a659,36,0.7,4.64E-06,0.1,23
a660,36,0.7,1.00E-05,1.00E-07,21
a661,36,0.7,1.00E-05,4.64E-07,21
a662,36,0.7,1.00E-05,2.15E-06,21
a663,36,0.7,1.00E-05,1.00E-05,21
a664,36,0.7,1.00E-05,4.64E-05,21
a665,36,0.7,1.00E-05,0.000215443,21
a666,36,0.7,1.00E-05,0.001,21
a667,36,0.7,1.00E-05,0.004641589,21
a668,36,0.7,1.00E-05,0.021544347,21
a669,36,0.7,1.00E-05,0.1,21
a670,36,0.7,2.15E-05,1.00E-07,20
a671,36,0.7,2.15E-05,4.64E-07,20
a672,36,0.7,2.15E-05,2.15E-06,20
a673,36,0.7,2.15E-05,1.00E-05,20
a674,36,0.7,2.15E-05,4.64E-05,20
a675,36,0.7,2.15E-05,0.000215443,20
a676,36,0.7,2.15E-05,0.001,20
a677,36,0.7,2.15E-05,0.004641589,20
a678,36,0.7,2.15E-05,0.021544347,20
a679,36,0.7,2.15E-05,0.1,20
a680,36,0.7,4.64E-05,1.00E-07,19
a681,36,0.7,4.64E-05,4.64E-07,19
a682,36,0.7,4.64E-05,2.15E-06,19
a683,36,0.7,4.64E-05,1.00E-05,19
a684,36,0.7,4.64E-05,4.64E-05,19
a685,36,0.7,4.64E-05,0.000215443,19
a686,36,0.7,4.64E-05,0.001,19
a687,36,0.7,4.64E-05,0.004641589,19
a688,36,0.7,4.64E-05,0.021544347,19
a689,36,0.7,4.64E-05,0.1,19
a690,36,0.7,0.0001,1.00E-07,18
a691,36,0.7,0.0001,4.64E-07,18
a692,36,0.7,0.0001,2.15E-06,18
a693,36,0.7,0.0001,1.00E-05,18
a694,36,0.7,0.0001,4.64E-05,18
a695,36,0.7,0.0001,0.000215443,18
a696,36,0.7,0.0001,0.001,18
a697,36,0.7,0.0001,0.004641589,18
a698,36,0.7,0.0001,0.021544347,18
a699,36,0.7,0.0001,0.1,18
a700,36,0.8,1.00E-07,1.00E-07,25
a701,36,0.8,1.00E-07,4.64E-07,25
a702,36,0.8,1.00E-07,2.15E-06,25
a703,36,0.8,1.00E-07,1.00E-05,25
a704,36,0.8,1.00E-07,4.64E-05,25
a705,36,0.8,1.00E-07,0.000215443,25
a706,36,0.8,1.00E-07,0.001,25
a707,36,0.8,1.00E-07,0.004641589,25
a708,36,0.8,1.00E-07,0.021544347,25
a709,36,0.8,1.00E-07,0.1,25
a710,36,0.8,2.15E-07,1.00E-07,25
a711,36,0.8,2.15E-07,4.64E-07,25
a712,36,0.8,2.15E-07,2.15E-06,25
a713,36,0.8,2.15E-07,1.00E-05,25
a714,36,0.8,2.15E-07,4.64E-05,25
a715,36,0.8,2.15E-07,0.000215443,25
a716,36,0.8,2.15E-07,0.001,25
a717,36,0.8,2.15E-07,0.004641589,25
a718,36,0.8,2.15E-07,0.021544347,25
a719,36,0.8,2.15E-07,0.1,25
a720,36,0.8,4.64E-07,1.00E-07,25
a721,36,0.8,4.64E-07,4.64E-07,25
a722,36,0.8,4.64E-07,2.15E-06,25
a723,36,0.8,4.64E-07,1.00E-05,25
a724,36,0.8,4.64E-07,4.64E-05,25
a725,36,0.8,4.64E-07,0.000215443,25
a726,36,0.8,4.64E-07,0.001,25
a727,36,0.8,4.64E-07,0.004641589,25
a728,36,0.8,4.64E-07,0.021544347,25
a729,36,0.8,4.64E-07,0.1,25
a730,36,0.8,1.00E-06,1.00E-07,25
a731,36,0.8,1.00E-06,4.64E-07,25
a732,36,0.8,1.00E-06,2.15E-06,25
a733,36,0.8,1.00E-06,1.00E-05,25
a734,36,0.8,1.00E-06,4.64E-05,25
a735,36,0.8,1.00E-06,0.000215443,25
a736,36,0.8,1.00E-06,0.001,25
a737,36,0.8,1.00E-06,0.004641589,25
a738,36,0.8,1.00E-06,0.021544347,25
a739,36,0.8,1.00E-06,0.1,25
a740,36,0.8,2.15E-06,1.00E-07,24
a741,36,0.8,2.15E-06,4.64E-07,24
a742,36,0.8,2.15E-06,2.15E-06,24
a743,36,0.8,2.15E-06,1.00E-05,24
a744,36,0.8,2.15E-06,4.64E-05,24
a745,36,0.8,2.15E-06,0.000215443,24
a746,36,0.8,2.15E-06,0.001,24
a747,36,0.8,2.15E-06,0.004641589,24
a748,36,0.8,2.15E-06,0.021544347,24
a749,36,0.8,2.15E-06,0.1,24
a750,36,0.8,4.64E-06,1.00E-07,23
a751,36,0.8,4.64E-06,4.64E-07,23
a752,36,0.8,4.64E-06,2.15E-06,23
a753,36,0.8,4.64E-06,1.00E-05,23
a754,36,0.8,4.64E-06,4.64E-05,23
a755,36,0.8,4.64E-06,0.000215443,23
a756,36,0.8,4.64E-06,0.001,23
a757,36,0.8,4.64E-06,0.004641589,23
a758,36,0.8,4.64E-06,0.021544347,23
a759,36,0.8,4.64E-06,0.1,23
a760,36,0.8,1.00E-05,1.00E-07,21
a761,36,0.8,1.00E-05,4.64E-07,21
a762,36,0.8,1.00E-05,2.15E-06,21
a763,36,0.8,1.00E-05,1.00E-05,21
a764,36,0.8,1.00E-05,4.64E-05,21
a765,36,0.8,1.00E-05,0.000215443,21
a766,36,0.8,1.00E-05,0.001,21
a767,36,0.8,1.00E-05,0.004641589,21
a768,36,0.8,1.00E-05,0.021544347,21
a769,36,0.8,1.00E-05,0.1,21
a770,36,0.8,2.15E-05,1.00E-07,20
a771,36,0.8,2.15E-05,4.64E-07,20
a772,36,0.8,2.15E-05,2.15E-06,20
a773,36,0.8,2.15E-05,1.00E-05,20
a774,36,0.8,2.15E-05,4.64E-05,20
a775,36,0.8,2.15E-05,0.000215443,20
a776,36,0.8,2.15E-05,0.001,20
a777,36,0.8,2.15E-05,0.004641589,20
a778,36,0.8,2.15E-05,0.021544347,20
a779,36,0.8,2.15E-05,0.1,20
a780,36,0.8,4.64E-05,1.00E-07,19
a781,36,0.8,4.64E-05,4.64E-07,19
a782,36,0.8,4.64E-05,2.15E-06,19
a783,36,0.8,4.64E-05,1.00E-05,19
a784,36,0.8,4.64E-05,4.64E-05,19
a785,36,0.8,4.64E-05,0.000215443,19
a786,36,0.8,4.64E-05,0.001,19
a787,36,0.8,4.64E-05,0.004641589,19
a788,36,0.8,4.64E-05,0.021544347,19
a789,36,0.8,4.64E-05,0.1,19
a790,36,0.8,0.0001,1.00E-07,18
a791,36,0.8,0.0001,4.64E-07,18
a792,36,0.8,0.0001,2.15E-06,18
a793,36,0.8,0.0001,1.00E-05,18
a794,36,0.8,0.0001,4.64E-05,18
a795,36,0.8,0.0001,0.000215443,18
a796,36,0.8,0.0001,0.001,18
a797,36,0.8,0.0001,0.004641589,18
a798,36,0.8,0.0001,0.021544347,18
a799,36,0.8,0.0001,0.1,18
a800,36,0.9,1.00E-07,1.00E-07,25
a801,36,0.9,1.00E-07,4.64E-07,25
a802,36,0.9,1.00E-07,2.15E-06,25
a803,36,0.9,1.00E-07,1.00E-05,25
a804,36,0.9,1.00E-07,4.64E-05,25
a805,36,0.9,1.00E-07,0.000215443,25
a806,36,0.9,1.00E-07,0.001,25
a807,36,0.9,1.00E-07,0.004641589,25
a808,36,0.9,1.00E-07,0.021544347,25
a809,36,0.9,1.00E-07,0.1,25
a810,36,0.9,2.15E-07,1.00E-07,25
a811,36,0.9,2.15E-07,4.64E-07,25
a812,36,0.9,2.15E-07,2.15E-06,25
a813,36,0.9,2.15E-07,1.00E-05,25
a814,36,0.9,2.15E-07,4.64E-05,25
a815,36,0.9,2.15E-07,0.000215443,25
a816,36,0.9,2.15E-07,0.001,25
a817,36,0.9,2.15E-07,0.004641589,25
a818,36,0.9,2.15E-07,0.021544347,25
a819,36,0.9,2.15E-07,0.1,25
a820,36,0.9,4.64E-07,1.00E-07,25
a821,36,0.9,4.64E-07,4.64E-07,25
a822,36,0.9,4.64E-07,2.15E-06,25
a823,36,0.9,4.64E-07,1.00E-05,25
a824,36,0.9,4.64E-07,4.64E-05,25
a825,36,0.9,4.64E-07,0.000215443,25
a826,36,0.9,4.64E-07,0.001,25
a827,36,0.9,4.64E-07,0.004641589,25
a828,36,0.9,4.64E-07,0.021544347,25
a829,36,0.9,4.64E-07,0.1,25
a830,36,0.9,1.00E-06,1.00E-07,25
a831,36,0.9,1.00E-06,4.64E-07,25
a832,36,0.9,1.00E-06,2.15E-06,25
a833,36,0.9,1.00E-06,1.00E-05,25
a834,36,0.9,1.00E-06,4.64E-05,25
a835,36,0.9,1.00E-06,0.000215443,25
a836,36,0.9,1.00E-06,0.001,25
a837,36,0.9,1.00E-06,0.004641589,25
a838,36,0.9,1.00E-06,0.021544347,25
a839,36,0.9,1.00E-06,0.1,25
a840,36,0.9,2.15E-06,1.00E-07,24
a841,36,0.9,2.15E-06,4.64E-07,24
a842,36,0.9,2.15E-06,2.15E-06,24
a843,36,0.9,2.15E-06,1.00E-05,24
a844,36,0.9,2.15E-06,4.64E-05,24
a845,36,0.9,2.15E-06,0.000215443,24
a846,36,0.9,2.15E-06,0.001,24
a847,36,0.9,2.15E-06,0.004641589,24
a848,36,0.9,2.15E-06,0.021544347,24
a849,36,0.9,2.15E-06,0.1,24
a850,36,0.9,4.64E-06,1.00E-07,23
a851,36,0.9,4.64E-06,4.64E-07,23
a852,36,0.9,4.64E-06,2.15E-06,23
a853,36,0.9,4.64E-06,1.00E-05,23
a854,36,0.9,4.64E-06,4.64E-05,23
a855,36,0.9,4.64E-06,0.000215443,23
a856,36,0.9,4.64E-06,0.001,23
a857,36,0.9,4.64E-06,0.004641589,23
a858,36,0.9,4.64E-06,0.021544347,23
a859,36,0.9,4.64E-06,0.1,23
a860,36,0.9,1.00E-05,1.00E-07,21
a861,36,0.9,1.00E-05,4.64E-07,21
a862,36,0.9,1.00E-05,2.15E-06,21
a863,36,0.9,1.00E-05,1.00E-05,21
a864,36,0.9,1.00E-05,4.64E-05,21
a865,36,0.9,1.00E-05,0.000215443,21
a866,36,0.9,1.00E-05,0.001,21
a867,36,0.9,1.00E-05,0.004641589,21
a868,36,0.9,1.00E-05,0.021544347,21
a869,36,0.9,1.00E-05,0.1,21
a870,36,0.9,2.15E-05,1.00E-07,20
a871,36,0.9,2.15E-05,4.64E-07,20
a872,36,0.9,2.15E-05,2.15E-06,20
a873,36,0.9,2.15E-05,1.00E-05,20
a874,36,0.9,2.15E-05,4.64E-05,20
a875,36,0.9,2.15E-05,0.000215443,20
a876,36,0.9,2.15E-05,0.001,20
a877,36,0.9,2.15E-05,0.004641589,20
a878,36,0.9,2.15E-05,0.021544347,20
a879,36,0.9,2.15E-05,0.1,20
a880,36,0.9,4.64E-05,1.00E-07,19
a881,36,0.9,4.64E-05,4.64E-07,19
a882,36,0.9,4.64E-05,2.15E-06,19
a883,36,0.9,4.64E-05,1.00E-05,19
a884,36,0.9,4.64E-05,4.64E-05,19
a885,36,0.9,4.64E-05,0.000215443,19
a886,36,0.9,4.64E-05,0.001,19
a887,36,0.9,4.64E-05,0.004641589,19
a888,36,0.9,4.64E-05,0.021544347,19
a889,36,0.9,4.64E-05,0.1,19
a890,36,0.9,0.0001,1.00E-07,18
a891,36,0.9,0.0001,4.64E-07,18
a892,36,0.9,0.0001,2.15E-06,18
a893,36,0.9,0.0001,1.00E-05,18
a894,36,0.9,0.0001,4.64E-05,18
a895,36,0.9,0.0001,0.000215443,18
a896,36,0.9,0.0001,0.001,18
a897,36,0.9,0.0001,0.004641589,18
a898,36,0.9,0.0001,0.021544347,18
a899,36,0.9,0.0001,0.1,18
a900,36,1,1.00E-07,1.00E-07,25
a901,36,1,1.00E-07,4.64E-07,25
a902,36,1,1.00E-07,2.15E-06,25
a903,36,1,1.00E-07,1.00E-05,25
a904,36,1,1.00E-07,4.64E-05,25
a905,36,1,1.00E-07,0.000215443,25
a906,36,1,1.00E-07,0.001,25
a907,36,1,1.00E-07,0.004641589,25
a908,36,1,1.00E-07,0.021544347,25
a909,36,1,1.00E-07,0.1,25
a910,36,1,2.15E-07,1.00E-07,25
a911,36,1,2.15E-07,4.64E-07,25
a912,36,1,2.15E-07,2.15E-06,25
a913,36,1,2.15E-07,1.00E-05,25
a914,36,1,2.15E-07,4.64E-05,25
a915,36,1,2.15E-07,0.000215443,25
a916,36,1,2.15E-07,0.001,25
a917,36,1,2.15E-07,0.004641589,25
a918,36,1,2.15E-07,0.021544347,25
a919,36,1,2.15E-07,0.1,25
a920,36,1,4.64E-07,1.00E-07,25
a921,36,1,4.64E-07,4.64E-07,25
a922,36,1,4.64E-07,2.15E-06,25
a923,36,1,4.64E-07,1.00E-05,25
a924,36,1,4.64E-07,4.64E-05,25
a925,36,1,4.64E-07,0.000215443,25
a926,36,1,4.64E-07,0.001,25
a927,36,1,4.64E-07,0.004641589,25
a928,36,1,4.64E-07,0.021544347,25
a929,36,1,4.64E-07,0.1,25
a930,36,1,1.00E-06,1.00E-07,25
a931,36,1,1.00E-06,4.64E-07,25
a932,36,1,1.00E-06,2.15E-06,25
a933,36,1,1.00E-06,1.00E-05,25
a934,36,1,1.00E-06,4.64E-05,25
a935,36,1,1.00E-06,0.000215443,25
a936,36,1,1.00E-06,0.001,25
a937,36,1,1.00E-06,0.004641589,25
a938,36,1,1.00E-06,0.021544347,25
a939,36,1,1.00E-06,0.1,25
a940,36,1,2.15E-06,1.00E-07,24
a941,36,1,2.15E-06,4.64E-07,24
a942,36,1,2.15E-06,2.15E-06,24
a943,36,1,2.15E-06,1.00E-05,24
a944,36,1,2.15E-06,4.64E-05,24
a945,36,1,2.15E-06,0.000215443,24
a946,36,1,2.15E-06,0.001,24
a947,36,1,2.15E-06,0.004641589,24
a948,36,1,2.15E-06,0.021544347,24
a949,36,1,2.15E-06,0.1,24
a950,36,1,4.64E-06,1.00E-07,23
a951,36,1,4.64E-06,4.64E-07,23
a952,36,1,4.64E-06,2.15E-06,23
a953,36,1,4.64E-06,1.00E-05,23
a954,36,1,4.64E-06,4.64E-05,23
a955,36,1,4.64E-06,0.000215443,23
a956,36,1,4.64E-06,0.001,23
a957,36,1,4.64E-06,0.004641589,23
a958,36,1,4.64E-06,0.021544347,23
a959,36,1,4.64E-06,0.1,23
a960,36,1,1.00E-05,1.00E-07,21
a961,36,1,1.00E-05,4.64E-07,21
a962,36,1,1.00E-05,2.15E-06,21
a963,36,1,1.00E-05,1.00E-05,21
a964,36,1,1.00E-05,4.64E-05,21
a965,36,1,1.00E-05,0.000215443,21
a966,36,1,1.00E-05,0.001,21
a967,36,1,1.00E-05,0.004641589,21
a968,36,1,1.00E-05,0.021544347,21
a969,36,1,1.00E-05,0.1,21
a970,36,1,2.15E-05,1.00E-07,20
a971,36,1,2.15E-05,4.64E-07,20
a972,36,1,2.15E-05,2.15E-06,20
a973,36,1,2.15E-05,1.00E-05,20
a974,36,1,2.15E-05,4.64E-05,20
a975,36,1,2.15E-05,0.000215443,20
a976,36,1,2.15E-05,0.001,20
a977,36,1,2.15E-05,0.004641589,20
a978,36,1,2.15E-05,0.021544347,20
a979,36,1,2.15E-05,0.1,20
a980,36,1,4.64E-05,1.00E-07,19
a981,36,1,4.64E-05,4.64E-07,19
a982,36,1,4.64E-05,2.15E-06,19
a983,36,1,4.64E-05,1.00E-05,19
a984,36,1,4.64E-05,4.64E-05,19
a985,36,1,4.64E-05,0.000215443,19
a986,36,1,4.64E-05,0.001,19
a987,36,1,4.64E-05,0.004641589,19
a988,36,1,4.64E-05,0.021544347,19
a989,36,1,4.64E-05,0.1,19
a990,36,1,0.0001,1.00E-07,18
a991,36,1,0.0001,4.64E-07,18
a992,36,1,0.0001,2.15E-06,18
a993,36,1,0.0001,1.00E-05,18
a994,36,1,0.0001,4.64E-05,18
a995,36,1,0.0001,0.000215443,18
a996,36,1,0.0001,0.001,18
a997,36,1,0.0001,0.004641589,18
a998,36,1,0.0001,0.021544347,18
a999,36,1,0.0001,0.1,18
a1000,36,0.001,1.00E-07,1.00E-07,25
a1001,36,0.001,1.00E-07,4.64E-07,25
a1002,36,0.001,1.00E-07,2.15E-06,25
a1003,36,0.001,1.00E-07,1.00E-05,25
a1004,36,0.001,1.00E-07,4.64E-05,25
a1005,36,0.001,1.00E-07,0.000215443,25
a1006,36,0.001,1.00E-07,0.001,25
a1007,36,0.001,1.00E-07,0.004641589,25
a1008,36,0.001,1.00E-07,0.021544347,25
a1009,36,0.001,1.00E-07,0.1,25
a1010,36,0.001,2.15E-07,1.00E-07,25
a1011,36,0.001,2.15E-07,4.64E-07,25
a1012,36,0.001,2.15E-07,2.15E-06,25
a1013,36,0.001,2.15E-07,1.00E-05,25
a1014,36,0.001,2.15E-07,4.64E-05,25
a1015,36,0.001,2.15E-07,0.000215443,25
a1016,36,0.001,2.15E-07,0.001,25
a1017,36,0.001,2.15E-07,0.004641589,25
a1018,36,0.001,2.15E-07,0.021544347,25
a1019,36,0.001,2.15E-07,0.1,25
a1020,36,0.001,4.64E-07,1.00E-07,25
a1021,36,0.001,4.64E-07,4.64E-07,25
a1022,36,0.001,4.64E-07,2.15E-06,25
a1023,36,0.001,4.64E-07,1.00E-05,25
a1024,36,0.001,4.64E-07,4.64E-05,25
a1025,36,0.001,4.64E-07,0.000215443,25
a1026,36,0.001,4.64E-07,0.001,25
a1027,36,0.001,4.64E-07,0.004641589,25
a1028,36,0.001,4.64E-07,0.021544347,25
a1029,36,0.001,4.64E-07,0.1,25
a1030,36,0.001,1.00E-06,1.00E-07,25
a1031,36,0.001,1.00E-06,4.64E-07,25
a1032,36,0.001,1.00E-06,2.15E-06,25
a1033,36,0.001,1.00E-06,1.00E-05,25
a1034,36,0.001,1.00E-06,4.64E-05,25
a1035,36,0.001,1.00E-06,0.000215443,25
a1036,36,0.001,1.00E-06,0.001,25
a1037,36,0.001,1.00E-06,0.004641589,25
a1038,36,0.001,1.00E-06,0.021544347,25
a1039,36,0.001,1.00E-06,0.1,25
a1040,36,0.001,2.15E-06,1.00E-07,24
a1041,36,0.001,2.15E-06,4.64E-07,24
a1042,36,0.001,2.15E-06,2.15E-06,24
a1043,36,0.001,2.15E-06,1.00E-05,24
a1044,36,0.001,2.15E-06,4.64E-05,24
a1045,36,0.001,2.15E-06,0.000215443,24
a1046,36,0.001,2.15E-06,0.001,24
a1047,36,0.001,2.15E-06,0.004641589,24
a1048,36,0.001,2.15E-06,0.021544347,24
a1049,36,0.001,2.15E-06,0.1,24
a1050,36,0.001,4.64E-06,1.00E-07,23
a1051,36,0.001,4.64E-06,4.64E-07,23
a1052,36,0.001,4.64E-06,2.15E-06,23
a1053,36,0.001,4.64E-06,1.00E-05,23
a1054,36,0.001,4.64E-06,4.64E-05,23
a1055,36,0.001,4.64E-06,0.000215443,23
a1056,36,0.001,4.64E-06,0.001,23
a1057,36,0.001,4.64E-06,0.004641589,23
a1058,36,0.001,4.64E-06,0.021544347,23
a1059,36,0.001,4.64E-06,0.1,23
a1060,36,0.001,1.00E-05,1.00E-07,21
a1061,36,0.001,1.00E-05,4.64E-07,21
a1062,36,0.001,1.00E-05,2.15E-06,21
a1063,36,0.001,1.00E-05,1.00E-05,21
a1064,36,0.001,1.00E-05,4.64E-05,21
a1065,36,0.001,1.00E-05,0.000215443,21
a1066,36,0.001,1.00E-05,0.001,21
a1067,36,0.001,1.00E-05,0.004641589,21
a1068,36,0.001,1.00E-05,0.021544347,21
a1069,36,0.001,1.00E-05,0.1,21
a1070,36,0.001,2.15E-05,1.00E-07,20
a1071,36,0.001,2.15E-05,4.64E-07,20
a1072,36,0.001,2.15E-05,2.15E-06,20
a1073,36,0.001,2.15E-05,1.00E-05,20
a1074,36,0.001,2.15E-05,4.64E-05,20
a1075,36,0.001,2.15E-05,0.000215443,20
a1076,36,0.001,2.15E-05,0.001,20
a1077,36,0.001,2.15E-05,0.004641589,20
a1078,36,0.001,2.15E-05,0.021544347,20
a1079,36,0.001,2.15E-05,0.1,20
a1080,36,0.001,4.64E-05,1.00E-07,19
a1081,36,0.001,4.64E-05,4.64E-07,19
a1082,36,0.001,4.64E-05,2.15E-06,19
a1083,36,0.001,4.64E-05,1.00E-05,19
a1084,36,0.001,4.64E-05,4.64E-05,19
a1085,36,0.001,4.64E-05,0.000215443,19
a1086,36,0.001,4.64E-05,0.001,19
a1087,36,0.001,4.64E-05,0.004641589,19
a1088,36,0.001,4.64E-05,0.021544347,19
a1089,36,0.001,4.64E-05,0.1,19
a1090,36,0.001,0.0001,1.00E-07,18
a1091,36,0.001,0.0001,4.64E-07,18
a1092,36,0.001,0.0001,2.15E-06,18
a1093,36,0.001,0.0001,1.00E-05,18
a1094,36,0.001,0.0001,4.64E-05,18
a1095,36,0.001,0.0001,0.000215443,18
a1096,36,0.001,0.0001,0.001,18
a1097,36,0.001,0.0001,0.004641589,18
a1098,36,0.001,0.0001,0.021544347,18
a1099,36,0.001,0.0001,0.1,18
a1100,36,0.007071068,1.00E-07,1.00E-07,25
a1101,36,0.007071068,1.00E-07,4.64E-07,25
a1102,36,0.007071068,1.00E-07,2.15E-06,25
a1103,36,0.007071068,1.00E-07,1.00E-05,25
a1104,36,0.007071068,1.00E-07,4.64E-05,25
a1105,36,0.007071068,1.00E-07,0.000215443,25
a1106,36,0.007071068,1.00E-07,0.001,25
a1107,36,0.007071068,1.00E-07,0.004641589,25
a1108,36,0.007071068,1.00E-07,0.021544347,25
a1109,36,0.007071068,1.00E-07,0.1,25
a1110,36,0.007071068,2.15E-07,1.00E-07,25
a1111,36,0.007071068,2.15E-07,4.64E-07,25
a1112,36,0.007071068,2.15E-07,2.15E-06,25
a1113,36,0.007071068,2.15E-07,1.00E-05,25
a1114,36,0.007071068,2.15E-07,4.64E-05,25
a1115,36,0.007071068,2.15E-07,0.000215443,25
a1116,36,0.007071068,2.15E-07,0.001,25
a1117,36,0.007071068,2.15E-07,0.004641589,25
a1118,36,0.007071068,2.15E-07,0.021544347,25
a1119,36,0.007071068,2.15E-07,0.1,25
a1120,36,0.007071068,4.64E-07,1.00E-07,25
a1121,36,0.007071068,4.64E-07,4.64E-07,25
a1122,36,0.007071068,4.64E-07,2.15E-06,25
a1123,36,0.007071068,4.64E-07,1.00E-05,25
a1124,36,0.007071068,4.64E-07,4.64E-05,25
a1125,36,0.007071068,4.64E-07,0.000215443,25
a1126,36,0.007071068,4.64E-07,0.001,25
a1127,36,0.007071068,4.64E-07,0.004641589,25
a1128,36,0.007071068,4.64E-07,0.021544347,25
a1129,36,0.007071068,4.64E-07,0.1,25
a1130,36,0.007071068,1.00E-06,1.00E-07,25
a1131,36,0.007071068,1.00E-06,4.64E-07,25
a1132,36,0.007071068,1.00E-06,2.15E-06,25
a1133,36,0.007071068,1.00E-06,1.00E-05,25
a1134,36,0.007071068,1.00E-06,4.64E-05,25
a1135,36,0.007071068,1.00E-06,0.000215443,25
a1136,36,0.007071068,1.00E-06,0.001,25
a1137,36,0.007071068,1.00E-06,0.004641589,25
a1138,36,0.007071068,1.00E-06,0.021544347,25
a1139,36,0.007071068,1.00E-06,0.1,25
a1140,36,0.007071068,2.15E-06,1.00E-07,24
a1141,36,0.007071068,2.15E-06,4.64E-07,24
a1142,36,0.007071068,2.15E-06,2.15E-06,24
a1143,36,0.007071068,2.15E-06,1.00E-05,24
a1144,36,0.007071068,2.15E-06,4.64E-05,24
a1145,36,0.007071068,2.15E-06,0.000215443,24
a1146,36,0.007071068,2.15E-06,0.001,24
a1147,36,0.007071068,2.15E-06,0.004641589,24
a1148,36,0.007071068,2.15E-06,0.021544347,24
a1149,36,0.007071068,2.15E-06,0.1,24
a1150,36,0.007071068,4.64E-06,1.00E-07,23
a1151,36,0.007071068,4.64E-06,4.64E-07,23
a1152,36,0.007071068,4.64E-06,2.15E-06,23
a1153,36,0.007071068,4.64E-06,1.00E-05,23
a1154,36,0.007071068,4.64E-06,4.64E-05,23
a1155,36,0.007071068,4.64E-06,0.000215443,23
a1156,36,0.007071068,4.64E-06,0.001,23
a1157,36,0.007071068,4.64E-06,0.004641589,23
a1158,36,0.007071068,4.64E-06,0.021544347,23
a1159,36,0.007071068,4.64E-06,0.1,23
a1160,36,0.007071068,1.00E-05,1.00E-07,21
a1161,36,0.007071068,1.00E-05,4.64E-07,21
a1162,36,0.007071068,1.00E-05,2.15E-06,21
a1163,36,0.007071068,1.00E-05,1.00E-05,21
a1164,36,0.007071068,1.00E-05,4.64E-05,21
a1165,36,0.007071068,1.00E-05,0.000215443,21
a1166,36,0.007071068,1.00E-05,0.001,21
a1167,36,0.007071068,1.00E-05,0.004641589,21
a1168,36,0.007071068,1.00E-05,0.021544347,21
a1169,36,0.007071068,1.00E-05,0.1,21
a1170,36,0.007071068,2.15E-05,1.00E-07,20
a1171,36,0.007071068,2.15E-05,4.64E-07,20
a1172,36,0.007071068,2.15E-05,2.15E-06,20
a1173,36,0.007071068,2.15E-05,1.00E-05,20
a1174,36,0.007071068,2.15E-05,4.64E-05,20
a1175,36,0.007071068,2.15E-05,0.000215443,20
a1176,36,0.007071068,2.15E-05,0.001,20
a1177,36,0.007071068,2.15E-05,0.004641589,20
a1178,36,0.007071068,2.15E-05,0.021544347,20
a1179,36,0.007071068,2.15E-05,0.1,20
a1180,36,0.007071068,4.64E-05,1.00E-07,19
a1181,36,0.007071068,4.64E-05,4.64E-07,19
a1182,36,0.007071068,4.64E-05,2.15E-06,19
a1183,36,0.007071068,4.64E-05,1.00E-05,19
a1184,36,0.007071068,4.64E-05,4.64E-05,19
a1185,36,0.007071068,4.64E-05,0.000215443,19
a1186,36,0.007071068,4.64E-05,0.001,19
a1187,36,0.007071068,4.64E-05,0.004641589,19
a1188,36,0.007071068,4.64E-05,0.021544347,19
a1189,36,0.007071068,4.64E-05,0.1,19
a1190,36,0.007071068,0.0001,1.00E-07,18
a1191,36,0.007071068,0.0001,4.64E-07,18
a1192,36,0.007071068,0.0001,2.15E-06,18
a1193,36,0.007071068,0.0001,1.00E-05,18
a1194,36,0.007071068,0.0001,4.64E-05,18
a1195,36,0.007071068,0.0001,0.000215443,18
a1196,36,0.007071068,0.0001,0.001,18
a1197,36,0.007071068,0.0001,0.004641589,18
a1198,36,0.007071068,0.0001,0.021544347,18
a1199,36,0.007071068,0.0001,0.1,18
a1200,36,0.05,1.00E-07,1.00E-07,25
a1201,36,0.05,1.00E-07,4.64E-07,25
a1202,36,0.05,1.00E-07,2.15E-06,25
a1203,36,0.05,1.00E-07,1.00E-05,25
a1204,36,0.05,1.00E-07,4.64E-05,25
a1205,36,0.05,1.00E-07,0.000215443,25
a1206,36,0.05,1.00E-07,0.001,25
a1207,36,0.05,1.00E-07,0.004641589,25
a1208,36,0.05,1.00E-07,0.021544347,25
a1209,36,0.05,1.00E-07,0.1,25
a1210,36,0.05,2.15E-07,1.00E-07,25
a1211,36,0.05,2.15E-07,4.64E-07,25
a1212,36,0.05,2.15E-07,2.15E-06,25
a1213,36,0.05,2.15E-07,1.00E-05,25
a1214,36,0.05,2.15E-07,4.64E-05,25
a1215,36,0.05,2.15E-07,0.000215443,25
a1216,36,0.05,2.15E-07,0.001,25
a1217,36,0.05,2.15E-07,0.004641589,25
a1218,36,0.05,2.15E-07,0.021544347,25
a1219,36,0.05,2.15E-07,0.1,25
a1220,36,0.05,4.64E-07,1.00E-07,25
a1221,36,0.05,4.64E-07,4.64E-07,25
a1222,36,0.05,4.64E-07,2.15E-06,25
a1223,36,0.05,4.64E-07,1.00E-05,25
a1224,36,0.05,4.64E-07,4.64E-05,25
a1225,36,0.05,4.64E-07,0.000215443,25
a1226,36,0.05,4.64E-07,0.001,25
a1227,36,0.05,4.64E-07,0.004641589,25
a1228,36,0.05,4.64E-07,0.021544347,25
a1229,36,0.05,4.64E-07,0.1,25
a1230,36,0.05,1.00E-06,1.00E-07,25
a1231,36,0.05,1.00E-06,4.64E-07,25
a1232,36,0.05,1.00E-06,2.15E-06,25
a1233,36,0.05,1.00E-06,1.00E-05,25
a1234,36,0.05,1.00E-06,4.64E-05,25
a1235,36,0.05,1.00E-06,0.000215443,25
a1236,36,0.05,1.00E-06,0.001,25
a1237,36,0.05,1.00E-06,0.004641589,25
a1238,36,0.05,1.00E-06,0.021544347,25
a1239,36,0.05,1.00E-06,0.1,25
a1240,36,0.05,2.15E-06,1.00E-07,24
a1241,36,0.05,2.15E-06,4.64E-07,24
a1242,36,0.05,2.15E-06,2.15E-06,24
a1243,36,0.05,2.15E-06,1.00E-05,24
a1244,36,0.05,2.15E-06,4.64E-05,24
a1245,36,0.05,2.15E-06,0.000215443,24
a1246,36,0.05,2.15E-06,0.001,24
a1247,36,0.05,2.15E-06,0.004641589,24
a1248,36,0.05,2.15E-06,0.021544347,24
a1249,36,0.05,2.15E-06,0.1,24
a1250,36,0.05,4.64E-06,1.00E-07,23
a1251,36,0.05,4.64E-06,4.64E-07,23
a1252,36,0.05,4.64E-06,2.15E-06,23
a1253,36,0.05,4.64E-06,1.00E-05,23
a1254,36,0.05,4.64E-06,4.64E-05,23
a1255,36,0.05,4.64E-06,0.000215443,23
a1256,36,0.05,4.64E-06,0.001,23
a1257,36,0.05,4.64E-06,0.004641589,23
a1258,36,0.05,4.64E-06,0.021544347,23
a1259,36,0.05,4.64E-06,0.1,23
a1260,36,0.05,1.00E-05,1.00E-07,21
a1261,36,0.05,1.00E-05,4.64E-07,21
a1262,36,0.05,1.00E-05,2.15E-06,21
a1263,36,0.05,1.00E-05,1.00E-05,21
a1264,36,0.05,1.00E-05,4.64E-05,21
a1265,36,0.05,1.00E-05,0.000215443,21
a1266,36,0.05,1.00E-05,0.001,21
a1267,36,0.05,1.00E-05,0.004641589,21
a1268,36,0.05,1.00E-05,0.021544347,21
a1269,36,0.05,1.00E-05,0.1,21
a1270,36,0.05,2.15E-05,1.00E-07,20
a1271,36,0.05,2.15E-05,4.64E-07,20
a1272,36,0.05,2.15E-05,2.15E-06,20
a1273,36,0.05,2.15E-05,1.00E-05,20
a1274,36,0.05,2.15E-05,4.64E-05,20
a1275,36,0.05,2.15E-05,0.000215443,20
a1276,36,0.05,2.15E-05,0.001,20
a1277,36,0.05,2.15E-05,0.004641589,20
a1278,36,0.05,2.15E-05,0.021544347,20
a1279,36,0.05,2.15E-05,0.1,20
a1280,36,0.05,4.64E-05,1.00E-07,19
a1281,36,0.05,4.64E-05,4.64E-07,19
a1282,36,0.05,4.64E-05,2.15E-06,19
a1283,36,0.05,4.64E-05,1.00E-05,19
a1284,36,0.05,4.64E-05,4.64E-05,19
a1285,36,0.05,4.64E-05,0.000215443,19
a1286,36,0.05,4.64E-05,0.001,19
a1287,36,0.05,4.64E-05,0.004641589,19
a1288,36,0.05,4.64E-05,0.021544347,19
a1289,36,0.05,4.64E-05,0.1,19
a1290,36,0.05,0.0001,1.00E-07,18
a1291,36,0.05,0.0001,4.64E-07,18
a1292,36,0.05,0.0001,2.15E-06,18
a1293,36,0.05,0.0001,1.00E-05,18
a1294,36,0.05,0.0001,4.64E-05,18
a1295,36,0.05,0.0001,0.000215443,18
a1296,36,0.05,0.0001,0.001,18
a1297,36,0.05,0.0001,0.004641589,18
a1298,36,0.05,0.0001,0.021544347,18
a1299,36,0.05,0.0001,0.1,18
