assay,n_rep,w_mono,mu_A,mu_R,target_div
a0,50,1.0,1e-07,1e-07,16777216
a1,50,1.0,1e-07,1e-06,16777216
a2,50,1.0,1e-07,9.999999999999999e-06,16777216
a3,50,1.0,1e-07,0.0001,16777216
a4,50,1.0,1e-07,0.001,16777216
a5,50,1.0,1e-07,0.01,16777216
a6,50,1.0,1e-07,0.1,16777216
a7,50,1.0,3.162277660168379e-07,1e-07,16777216
a8,50,1.0,3.162277660168379e-07,1e-06,16777216
a9,50,1.0,3.162277660168379e-07,9.999999999999999e-06,16777216
a10,50,1.0,3.162277660168379e-07,0.0001,16777216
a11,50,1.0,3.162277660168379e-07,0.001,16777216
a12,50,1.0,3.162277660168379e-07,0.01,16777216
a13,50,1.0,3.162277660168379e-07,0.1,16777216
a14,50,1.0,1e-06,1e-07,16777216
a15,50,1.0,1e-06,1e-06,16777216
a16,50,1.0,1e-06,9.999999999999999e-06,16777216
a17,50,1.0,1e-06,0.0001,16777216
a18,50,1.0,1e-06,0.001,16777216
a19,50,1.0,1e-06,0.01,16777216
a20,50,1.0,1e-06,0.1,16777216
a21,50,1.0,3.162277660168379e-06,1e-07,6324555
a22,50,1.0,3.162277660168379e-06,1e-06,6324555
a23,50,1.0,3.162277660168379e-06,9.999999999999999e-06,6324555
a24,50,1.0,3.162277660168379e-06,0.0001,6324555
a25,50,1.0,3.162277660168379e-06,0.001,6324555
a26,50,1.0,3.162277660168379e-06,0.01,6324555
a27,50,1.0,3.162277660168379e-06,0.1,6324555
a28,50,1.0,9.999999999999999e-06,1e-07,2000000
a29,50,1.0,9.999999999999999e-06,1e-06,2000000
a30,50,1.0,9.999999999999999e-06,9.999999999999999e-06,2000000
a31,50,1.0,9.999999999999999e-06,0.0001,2000000
a32,50,1.0,9.999999999999999e-06,0.001,2000000
a33,50,1.0,9.999999999999999e-06,0.01,2000000
a34,50,1.0,9.999999999999999e-06,0.1,2000000
a35,50,1.0,3.1622776601683795e-05,1e-07,632455
a36,50,1.0,3.1622776601683795e-05,1e-06,632455
a37,50,1.0,3.1622776601683795e-05,9.999999999999999e-06,632455
a38,50,1.0,3.1622776601683795e-05,0.0001,632455
a39,50,1.0,3.1622776601683795e-05,0.001,632455
a40,50,1.0,3.1622776601683795e-05,0.01,632455
a41,50,1.0,3.1622776601683795e-05,0.1,632455
a42,50,1.0,0.0001,1e-07,200000
a43,50,1.0,0.0001,1e-06,200000
a44,50,1.0,0.0001,9.999999999999999e-06,200000
a45,50,1.0,0.0001,0.0001,200000
a46,50,1.0,0.0001,0.001,200000
a47,50,1.0,0.0001,0.01,200000
a48,50,1.0,0.0001,0.1,200000
a49,50,0.31622776601683794,1e-07,1e-07,16777216
a50,50,0.31622776601683794,1e-07,1e-06,16777216
a51,50,0.31622776601683794,1e-07,9.999999999999999e-06,16777216
a52,50,0.31622776601683794,1e-07,0.0001,16777216
a53,50,0.31622776601683794,1e-07,0.001,16777216
a54,50,0.31622776601683794,1e-07,0.01,16777216
a55,50,0.31622776601683794,1e-07,0.1,16777216
a56,50,0.31622776601683794,3.162277660168379e-07,1e-07,16777216
a57,50,0.31622776601683794,3.162277660168379e-07,1e-06,16777216
a58,50,0.31622776601683794,3.162277660168379e-07,9.999999999999999e-06,16777216
a59,50,0.31622776601683794,3.162277660168379e-07,0.0001,16777216
a60,50,0.31622776601683794,3.162277660168379e-07,0.001,16777216
a61,50,0.31622776601683794,3.162277660168379e-07,0.01,16777216
a62,50,0.31622776601683794,3.162277660168379e-07,0.1,16777216
a63,50,0.31622776601683794,1e-06,1e-07,16777216
a64,50,0.31622776601683794,1e-06,1e-06,16777216
a65,50,0.31622776601683794,1e-06,9.999999999999999e-06,16777216
a66,50,0.31622776601683794,1e-06,0.0001,16777216
a67,50,0.31622776601683794,1e-06,0.001,16777216
a68,50,0.31622776601683794,1e-06,0.01,16777216
a69,50,0.31622776601683794,1e-06,0.1,16777216
a70,50,0.31622776601683794,3.162277660168379e-06,1e-07,6324555
a71,50,0.31622776601683794,3.162277660168379e-06,1e-06,6324555
a72,50,0.31622776601683794,3.162277660168379e-06,9.999999999999999e-06,6324555
a73,50,0.31622776601683794,3.162277660168379e-06,0.0001,6324555
a74,50,0.31622776601683794,3.162277660168379e-06,0.001,6324555
a75,50,0.31622776601683794,3.162277660168379e-06,0.01,6324555
a76,50,0.31622776601683794,3.162277660168379e-06,0.1,6324555
a77,50,0.31622776601683794,9.999999999999999e-06,1e-07,2000000
a78,50,0.31622776601683794,9.999999999999999e-06,1e-06,2000000
a79,50,0.31622776601683794,9.999999999999999e-06,9.999999999999999e-06,2000000
a80,50,0.31622776601683794,9.999999999999999e-06,0.0001,2000000
a81,50,0.31622776601683794,9.999999999999999e-06,0.001,2000000
a82,50,0.31622776601683794,9.999999999999999e-06,0.01,2000000
a83,50,0.31622776601683794,9.999999999999999e-06,0.1,2000000
a84,50,0.31622776601683794,3.1622776601683795e-05,1e-07,632455
a85,50,0.31622776601683794,3.1622776601683795e-05,1e-06,632455
a86,50,0.31622776601683794,3.1622776601683795e-05,9.999999999999999e-06,632455
a87,50,0.31622776601683794,3.1622776601683795e-05,0.0001,632455
a88,50,0.31622776601683794,3.1622776601683795e-05,0.001,632455
a89,50,0.31622776601683794,3.1622776601683795e-05,0.01,632455
a90,50,0.31622776601683794,3.1622776601683795e-05,0.1,632455
a91,50,0.31622776601683794,0.0001,1e-07,200000
a92,50,0.31622776601683794,0.0001,1e-06,200000
a93,50,0.31622776601683794,0.0001,9.999999999999999e-06,200000
a94,50,0.31622776601683794,0.0001,0.0001,200000
a95,50,0.31622776601683794,0.0001,0.001,200000
a96,50,0.31622776601683794,0.0001,0.01,200000
a97,50,0.31622776601683794,0.0001,0.1,200000
a98,50,0.1,1e-07,1e-07,16777216
a99,50,0.1,1e-07,1e-06,16777216
a100,50,0.1,1e-07,9.999999999999999e-06,16777216
a101,50,0.1,1e-07,0.0001,16777216
a102,50,0.1,1e-07,0.001,16777216
a103,50,0.1,1e-07,0.01,16777216
a104,50,0.1,1e-07,0.1,16777216
a105,50,0.1,3.162277660168379e-07,1e-07,16777216
a106,50,0.1,3.162277660168379e-07,1e-06,16777216
a107,50,0.1,3.162277660168379e-07,9.999999999999999e-06,16777216
a108,50,0.1,3.162277660168379e-07,0.0001,16777216
a109,50,0.1,3.162277660168379e-07,0.001,16777216
a110,50,0.1,3.162277660168379e-07,0.01,16777216
a111,50,0.1,3.162277660168379e-07,0.1,16777216
a112,50,0.1,1e-06,1e-07,16777216
a113,50,0.1,1e-06,1e-06,16777216
a114,50,0.1,1e-06,9.999999999999999e-06,16777216
a115,50,0.1,1e-06,0.0001,16777216
a116,50,0.1,1e-06,0.001,16777216
a117,50,0.1,1e-06,0.01,16777216
a118,50,0.1,1e-06,0.1,16777216
a119,50,0.1,3.162277660168379e-06,1e-07,6324555
a120,50,0.1,3.162277660168379e-06,1e-06,6324555
a121,50,0.1,3.162277660168379e-06,9.999999999999999e-06,6324555
a122,50,0.1,3.162277660168379e-06,0.0001,6324555
a123,50,0.1,3.162277660168379e-06,0.001,6324555
a124,50,0.1,3.162277660168379e-06,0.01,6324555
a125,50,0.1,3.162277660168379e-06,0.1,6324555
a126,50,0.1,9.999999999999999e-06,1e-07,2000000
a127,50,0.1,9.999999999999999e-06,1e-06,2000000
a128,50,0.1,9.999999999999999e-06,9.999999999999999e-06,2000000
a129,50,0.1,9.999999999999999e-06,0.0001,2000000
a130,50,0.1,9.999999999999999e-06,0.001,2000000
a131,50,0.1,9.999999999999999e-06,0.01,2000000
a132,50,0.1,9.999999999999999e-06,0.1,2000000
a133,50,0.1,3.1622776601683795e-05,1e-07,632455
a134,50,0.1,3.1622776601683795e-05,1e-06,632455
a135,50,0.1,3.1622776601683795e-05,9.999999999999999e-06,632455
a136,50,0.1,3.1622776601683795e-05,0.0001,632455
a137,50,0.1,3.1622776601683795e-05,0.001,632455
a138,50,0.1,3.1622776601683795e-05,0.01,632455
a139,50,0.1,3.1622776601683795e-05,0.1,632455
a140,50,0.1,0.0001,1e-07,200000
a141,50,0.1,0.0001,1e-06,200000
a142,50,0.1,0.0001,9.999999999999999e-06,200000
a143,50,0.1,0.0001,0.0001,200000
a144,50,0.1,0.0001,0.001,200000
a145,50,0.1,0.0001,0.01,200000
a146,50,0.1,0.0001,0.1,200000
a147,50,0.03162277660168379,1e-07,1e-07,16777216
a148,50,0.03162277660168379,1e-07,1e-06,16777216
a149,50,0.03162277660168379,1e-07,9.999999999999999e-06,16777216
a150,50,0.03162277660168379,1e-07,0.0001,16777216
a151,50,0.03162277660168379,1e-07,0.001,16777216
a152,50,0.03162277660168379,1e-07,0.01,16777216
a153,50,0.03162277660168379,1e-07,0.1,16777216
a154,50,0.03162277660168379,3.162277660168379e-07,1e-07,16777216
a155,50,0.03162277660168379,3.162277660168379e-07,1e-06,16777216
a156,50,0.03162277660168379,3.162277660168379e-07,9.999999999999999e-06,16777216
a157,50,0.03162277660168379,3.162277660168379e-07,0.0001,16777216
a158,50,0.03162277660168379,3.162277660168379e-07,0.001,16777216
a159,50,0.03162277660168379,3.162277660168379e-07,0.01,16777216
a160,50,0.03162277660168379,3.162277660168379e-07,0.1,16777216
a161,50,0.03162277660168379,1e-06,1e-07,16777216
a162,50,0.03162277660168379,1e-06,1e-06,16777216
a163,50,0.03162277660168379,1e-06,9.999999999999999e-06,16777216
a164,50,0.03162277660168379,1e-06,0.0001,16777216
a165,50,0.03162277660168379,1e-06,0.001,16777216
a166,50,0.03162277660168379,1e-06,0.01,16777216
a167,50,0.03162277660168379,1e-06,0.1,16777216
a168,50,0.03162277660168379,3.162277660168379e-06,1e-07,6324555
a169,50,0.03162277660168379,3.162277660168379e-06,1e-06,6324555
a170,50,0.03162277660168379,3.162277660168379e-06,9.999999999999999e-06,6324555
a171,50,0.03162277660168379,3.162277660168379e-06,0.0001,6324555
a172,50,0.03162277660168379,3.162277660168379e-06,0.001,6324555
a173,50,0.03162277660168379,3.162277660168379e-06,0.01,6324555
a174,50,0.03162277660168379,3.162277660168379e-06,0.1,6324555
a175,50,0.03162277660168379,9.999999999999999e-06,1e-07,2000000
a176,50,0.03162277660168379,9.999999999999999e-06,1e-06,2000000
a177,50,0.03162277660168379,9.999999999999999e-06,9.999999999999999e-06,2000000
a178,50,0.03162277660168379,9.999999999999999e-06,0.0001,2000000
a179,50,0.03162277660168379,9.999999999999999e-06,0.001,2000000
a180,50,0.03162277660168379,9.999999999999999e-06,0.01,2000000
a181,50,0.03162277660168379,9.999999999999999e-06,0.1,2000000
a182,50,0.03162277660168379,3.1622776601683795e-05,1e-07,632455
a183,50,0.03162277660168379,3.1622776601683795e-05,1e-06,632455
a184,50,0.03162277660168379,3.1622776601683795e-05,9.999999999999999e-06,632455
a185,50,0.03162277660168379,3.1622776601683795e-05,0.0001,632455
a186,50,0.03162277660168379,3.1622776601683795e-05,0.001,632455
a187,50,0.03162277660168379,3.1622776601683795e-05,0.01,632455
a188,50,0.03162277660168379,3.1622776601683795e-05,0.1,632455
a189,50,0.03162277660168379,0.0001,1e-07,200000
a190,50,0.03162277660168379,0.0001,1e-06,200000
a191,50,0.03162277660168379,0.0001,9.999999999999999e-06,200000
a192,50,0.03162277660168379,0.0001,0.0001,200000
a193,50,0.03162277660168379,0.0001,0.001,200000
a194,50,0.03162277660168379,0.0001,0.01,200000
a195,50,0.03162277660168379,0.0001,0.1,200000
a196,50,0.01,1e-07,1e-07,16777216
a197,50,0.01,1e-07,1e-06,16777216
a198,50,0.01,1e-07,9.999999999999999e-06,16777216
a199,50,0.01,1e-07,0.0001,16777216
a200,50,0.01,1e-07,0.001,16777216
a201,50,0.01,1e-07,0.01,16777216
a202,50,0.01,1e-07,0.1,16777216
a203,50,0.01,3.162277660168379e-07,1e-07,16777216
a204,50,0.01,3.162277660168379e-07,1e-06,16777216
a205,50,0.01,3.162277660168379e-07,9.999999999999999e-06,16777216
a206,50,0.01,3.162277660168379e-07,0.0001,16777216
a207,50,0.01,3.162277660168379e-07,0.001,16777216
a208,50,0.01,3.162277660168379e-07,0.01,16777216
a209,50,0.01,3.162277660168379e-07,0.1,16777216
a210,50,0.01,1e-06,1e-07,16777216
a211,50,0.01,1e-06,1e-06,16777216
a212,50,0.01,1e-06,9.999999999999999e-06,16777216
a213,50,0.01,1e-06,0.0001,16777216
a214,50,0.01,1e-06,0.001,16777216
a215,50,0.01,1e-06,0.01,16777216
a216,50,0.01,1e-06,0.1,16777216
a217,50,0.01,3.162277660168379e-06,1e-07,6324555
a218,50,0.01,3.162277660168379e-06,1e-06,6324555
a219,50,0.01,3.162277660168379e-06,9.999999999999999e-06,6324555
a220,50,0.01,3.162277660168379e-06,0.0001,6324555
a221,50,0.01,3.162277660168379e-06,0.001,6324555
a222,50,0.01,3.162277660168379e-06,0.01,6324555
a223,50,0.01,3.162277660168379e-06,0.1,6324555
a224,50,0.01,9.999999999999999e-06,1e-07,2000000
a225,50,0.01,9.999999999999999e-06,1e-06,2000000
a226,50,0.01,9.999999999999999e-06,9.999999999999999e-06,2000000
a227,50,0.01,9.999999999999999e-06,0.0001,2000000
a228,50,0.01,9.999999999999999e-06,0.001,2000000
a229,50,0.01,9.999999999999999e-06,0.01,2000000
a230,50,0.01,9.999999999999999e-06,0.1,2000000
a231,50,0.01,3.1622776601683795e-05,1e-07,632455
a232,50,0.01,3.1622776601683795e-05,1e-06,632455
a233,50,0.01,3.1622776601683795e-05,9.999999999999999e-06,632455
a234,50,0.01,3.1622776601683795e-05,0.0001,632455
a235,50,0.01,3.1622776601683795e-05,0.001,632455
a236,50,0.01,3.1622776601683795e-05,0.01,632455
a237,50,0.01,3.1622776601683795e-05,0.1,632455
a238,50,0.01,0.0001,1e-07,200000
a239,50,0.01,0.0001,1e-06,200000
a240,50,0.01,0.0001,9.999999999999999e-06,200000
a241,50,0.01,0.0001,0.0001,200000
a242,50,0.01,0.0001,0.001,200000
a243,50,0.01,0.0001,0.01,200000
a244,50,0.01,0.0001,0.1,200000
