assay,chrom,n_rep,w_mono,w_triso,mu_A,mu_R,mu_T,target_div
a0,1,50,1.0,1,2.86e-06,1e-07,0,2110000.0
a1,1,50,0.599484250318941,1,2.86e-06,1e-07,0,2110000.0
a2,1,50,0.35938136638046275,1,2.86e-06,1e-07,0,2110000.0
a3,1,50,0.2154434690031884,1,2.86e-06,1e-07,0,2110000.0
a4,1,50,0.1291549665014884,1,2.86e-06,1e-07,0,2110000.0
a5,1,50,0.0774263682681127,1,2.86e-06,1e-07,0,2110000.0
a6,1,50,0.046415888336127795,1,2.86e-06,1e-07,0,2110000.0
a7,1,50,0.027825594022071257,1,2.86e-06,1e-07,0,2110000.0
a8,1,50,0.016681005372000592,1,2.86e-06,1e-07,0,2110000.0
a9,1,50,0.01,1,2.86e-06,1e-07,0,2110000.0
a10,1,50,1.0,1,2.86e-06,4.641588833612782e-07,0,2110000.0
a11,1,50,0.599484250318941,1,2.86e-06,4.641588833612782e-07,0,2110000.0
a12,1,50,0.35938136638046275,1,2.86e-06,4.641588833612782e-07,0,2110000.0
a13,1,50,0.2154434690031884,1,2.86e-06,4.641588833612782e-07,0,2110000.0
a14,1,50,0.1291549665014884,1,2.86e-06,4.641588833612782e-07,0,2110000.0
a15,1,50,0.0774263682681127,1,2.86e-06,4.641588833612782e-07,0,2110000.0
a16,1,50,0.046415888336127795,1,2.86e-06,4.641588833612782e-07,0,2110000.0
a17,1,50,0.027825594022071257,1,2.86e-06,4.641588833612782e-07,0,2110000.0
a18,1,50,0.016681005372000592,1,2.86e-06,4.641588833612782e-07,0,2110000.0
a19,1,50,0.01,1,2.86e-06,4.641588833612782e-07,0,2110000.0
a20,1,50,1.0,1,2.86e-06,2.1544346900318822e-06,0,2110000.0
a21,1,50,0.599484250318941,1,2.86e-06,2.1544346900318822e-06,0,2110000.0
a22,1,50,0.35938136638046275,1,2.86e-06,2.1544346900318822e-06,0,2110000.0
a23,1,50,0.2154434690031884,1,2.86e-06,2.1544346900318822e-06,0,2110000.0
a24,1,50,0.1291549665014884,1,2.86e-06,2.1544346900318822e-06,0,2110000.0
a25,1,50,0.0774263682681127,1,2.86e-06,2.1544346900318822e-06,0,2110000.0
a26,1,50,0.046415888336127795,1,2.86e-06,2.1544346900318822e-06,0,2110000.0
a27,1,50,0.027825594022071257,1,2.86e-06,2.1544346900318822e-06,0,2110000.0
a28,1,50,0.016681005372000592,1,2.86e-06,2.1544346900318822e-06,0,2110000.0
a29,1,50,0.01,1,2.86e-06,2.1544346900318822e-06,0,2110000.0
a30,1,50,1.0,1,2.86e-06,9.999999999999999e-06,0,2110000.0
a31,1,50,0.599484250318941,1,2.86e-06,9.999999999999999e-06,0,2110000.0
a32,1,50,0.35938136638046275,1,2.86e-06,9.999999999999999e-06,0,2110000.0
a33,1,50,0.2154434690031884,1,2.86e-06,9.999999999999999e-06,0,2110000.0
a34,1,50,0.1291549665014884,1,2.86e-06,9.999999999999999e-06,0,2110000.0
a35,1,50,0.0774263682681127,1,2.86e-06,9.999999999999999e-06,0,2110000.0
a36,1,50,0.046415888336127795,1,2.86e-06,9.999999999999999e-06,0,2110000.0
a37,1,50,0.027825594022071257,1,2.86e-06,9.999999999999999e-06,0,2110000.0
a38,1,50,0.016681005372000592,1,2.86e-06,9.999999999999999e-06,0,2110000.0
a39,1,50,0.01,1,2.86e-06,9.999999999999999e-06,0,2110000.0
a40,1,50,1.0,1,2.86e-06,4.641588833612772e-05,0,2110000.0
a41,1,50,0.599484250318941,1,2.86e-06,4.641588833612772e-05,0,2110000.0
a42,1,50,0.35938136638046275,1,2.86e-06,4.641588833612772e-05,0,2110000.0
a43,1,50,0.2154434690031884,1,2.86e-06,4.641588833612772e-05,0,2110000.0
a44,1,50,0.1291549665014884,1,2.86e-06,4.641588833612772e-05,0,2110000.0
a45,1,50,0.0774263682681127,1,2.86e-06,4.641588833612772e-05,0,2110000.0
a46,1,50,0.046415888336127795,1,2.86e-06,4.641588833612772e-05,0,2110000.0
a47,1,50,0.027825594022071257,1,2.86e-06,4.641588833612772e-05,0,2110000.0
a48,1,50,0.016681005372000592,1,2.86e-06,4.641588833612772e-05,0,2110000.0
a49,1,50,0.01,1,2.86e-06,4.641588833612772e-05,0,2110000.0
a50,1,50,1.0,1,2.86e-06,0.00021544346900318823,0,2110000.0
a51,1,50,0.599484250318941,1,2.86e-06,0.00021544346900318823,0,2110000.0
a52,1,50,0.35938136638046275,1,2.86e-06,0.00021544346900318823,0,2110000.0
a53,1,50,0.2154434690031884,1,2.86e-06,0.00021544346900318823,0,2110000.0
a54,1,50,0.1291549665014884,1,2.86e-06,0.00021544346900318823,0,2110000.0
a55,1,50,0.0774263682681127,1,2.86e-06,0.00021544346900318823,0,2110000.0
a56,1,50,0.046415888336127795,1,2.86e-06,0.00021544346900318823,0,2110000.0
a57,1,50,0.027825594022071257,1,2.86e-06,0.00021544346900318823,0,2110000.0
a58,1,50,0.016681005372000592,1,2.86e-06,0.00021544346900318823,0,2110000.0
a59,1,50,0.01,1,2.86e-06,0.00021544346900318823,0,2110000.0
a60,1,50,1.0,1,2.86e-06,0.001,0,2110000.0
a61,1,50,0.599484250318941,1,2.86e-06,0.001,0,2110000.0
a62,1,50,0.35938136638046275,1,2.86e-06,0.001,0,2110000.0
a63,1,50,0.2154434690031884,1,2.86e-06,0.001,0,2110000.0
a64,1,50,0.1291549665014884,1,2.86e-06,0.001,0,2110000.0
a65,1,50,0.0774263682681127,1,2.86e-06,0.001,0,2110000.0
a66,1,50,0.046415888336127795,1,2.86e-06,0.001,0,2110000.0
a67,1,50,0.027825594022071257,1,2.86e-06,0.001,0,2110000.0
a68,1,50,0.016681005372000592,1,2.86e-06,0.001,0,2110000.0
a69,1,50,0.01,1,2.86e-06,0.001,0,2110000.0
a70,1,50,1.0,1,2.86e-06,0.004641588833612773,0,2110000.0
a71,1,50,0.599484250318941,1,2.86e-06,0.004641588833612773,0,2110000.0
a72,1,50,0.35938136638046275,1,2.86e-06,0.004641588833612773,0,2110000.0
a73,1,50,0.2154434690031884,1,2.86e-06,0.004641588833612773,0,2110000.0
a74,1,50,0.1291549665014884,1,2.86e-06,0.004641588833612773,0,2110000.0
a75,1,50,0.0774263682681127,1,2.86e-06,0.004641588833612773,0,2110000.0
a76,1,50,0.046415888336127795,1,2.86e-06,0.004641588833612773,0,2110000.0
a77,1,50,0.027825594022071257,1,2.86e-06,0.004641588833612773,0,2110000.0
a78,1,50,0.016681005372000592,1,2.86e-06,0.004641588833612773,0,2110000.0
a79,1,50,0.01,1,2.86e-06,0.004641588833612773,0,2110000.0
a80,1,50,1.0,1,2.86e-06,0.021544346900318822,0,2110000.0
a81,1,50,0.599484250318941,1,2.86e-06,0.021544346900318822,0,2110000.0
a82,1,50,0.35938136638046275,1,2.86e-06,0.021544346900318822,0,2110000.0
a83,1,50,0.2154434690031884,1,2.86e-06,0.021544346900318822,0,2110000.0
a84,1,50,0.1291549665014884,1,2.86e-06,0.021544346900318822,0,2110000.0
a85,1,50,0.0774263682681127,1,2.86e-06,0.021544346900318822,0,2110000.0
a86,1,50,0.046415888336127795,1,2.86e-06,0.021544346900318822,0,2110000.0
a87,1,50,0.027825594022071257,1,2.86e-06,0.021544346900318822,0,2110000.0
a88,1,50,0.016681005372000592,1,2.86e-06,0.021544346900318822,0,2110000.0
a89,1,50,0.01,1,2.86e-06,0.021544346900318822,0,2110000.0
a90,1,50,1.0,1,2.86e-06,0.1,0,2110000.0
a91,1,50,0.599484250318941,1,2.86e-06,0.1,0,2110000.0
a92,1,50,0.35938136638046275,1,2.86e-06,0.1,0,2110000.0
a93,1,50,0.2154434690031884,1,2.86e-06,0.1,0,2110000.0
a94,1,50,0.1291549665014884,1,2.86e-06,0.1,0,2110000.0
a95,1,50,0.0774263682681127,1,2.86e-06,0.1,0,2110000.0
a96,1,50,0.046415888336127795,1,2.86e-06,0.1,0,2110000.0
a97,1,50,0.027825594022071257,1,2.86e-06,0.1,0,2110000.0
a98,1,50,0.016681005372000592,1,2.86e-06,0.1,0,2110000.0
a99,1,50,0.01,1,2.86e-06,0.1,0,2110000.0
a100,2,50,1.0,1,7.04e-06,1e-07,0,1120000.0
a101,2,50,0.599484250318941,1,7.04e-06,1e-07,0,1120000.0
a102,2,50,0.35938136638046275,1,7.04e-06,1e-07,0,1120000.0
a103,2,50,0.2154434690031884,1,7.04e-06,1e-07,0,1120000.0
a104,2,50,0.1291549665014884,1,7.04e-06,1e-07,0,1120000.0
a105,2,50,0.0774263682681127,1,7.04e-06,1e-07,0,1120000.0
a106,2,50,0.046415888336127795,1,7.04e-06,1e-07,0,1120000.0
a107,2,50,0.027825594022071257,1,7.04e-06,1e-07,0,1120000.0
a108,2,50,0.016681005372000592,1,7.04e-06,1e-07,0,1120000.0
a109,2,50,0.01,1,7.04e-06,1e-07,0,1120000.0
a110,2,50,1.0,1,7.04e-06,4.641588833612782e-07,0,1120000.0
a111,2,50,0.599484250318941,1,7.04e-06,4.641588833612782e-07,0,1120000.0
a112,2,50,0.35938136638046275,1,7.04e-06,4.641588833612782e-07,0,1120000.0
a113,2,50,0.2154434690031884,1,7.04e-06,4.641588833612782e-07,0,1120000.0
a114,2,50,0.1291549665014884,1,7.04e-06,4.641588833612782e-07,0,1120000.0
a115,2,50,0.0774263682681127,1,7.04e-06,4.641588833612782e-07,0,1120000.0
a116,2,50,0.046415888336127795,1,7.04e-06,4.641588833612782e-07,0,1120000.0
a117,2,50,0.027825594022071257,1,7.04e-06,4.641588833612782e-07,0,1120000.0
a118,2,50,0.016681005372000592,1,7.04e-06,4.641588833612782e-07,0,1120000.0
a119,2,50,0.01,1,7.04e-06,4.641588833612782e-07,0,1120000.0
a120,2,50,1.0,1,7.04e-06,2.1544346900318822e-06,0,1120000.0
a121,2,50,0.599484250318941,1,7.04e-06,2.1544346900318822e-06,0,1120000.0
a122,2,50,0.35938136638046275,1,7.04e-06,2.1544346900318822e-06,0,1120000.0
a123,2,50,0.2154434690031884,1,7.04e-06,2.1544346900318822e-06,0,1120000.0
a124,2,50,0.1291549665014884,1,7.04e-06,2.1544346900318822e-06,0,1120000.0
a125,2,50,0.0774263682681127,1,7.04e-06,2.1544346900318822e-06,0,1120000.0
a126,2,50,0.046415888336127795,1,7.04e-06,2.1544346900318822e-06,0,1120000.0
a127,2,50,0.027825594022071257,1,7.04e-06,2.1544346900318822e-06,0,1120000.0
a128,2,50,0.016681005372000592,1,7.04e-06,2.1544346900318822e-06,0,1120000.0
a129,2,50,0.01,1,7.04e-06,2.1544346900318822e-06,0,1120000.0
a130,2,50,1.0,1,7.04e-06,9.999999999999999e-06,0,1120000.0
a131,2,50,0.599484250318941,1,7.04e-06,9.999999999999999e-06,0,1120000.0
a132,2,50,0.35938136638046275,1,7.04e-06,9.999999999999999e-06,0,1120000.0
a133,2,50,0.2154434690031884,1,7.04e-06,9.999999999999999e-06,0,1120000.0
a134,2,50,0.1291549665014884,1,7.04e-06,9.999999999999999e-06,0,1120000.0
a135,2,50,0.0774263682681127,1,7.04e-06,9.999999999999999e-06,0,1120000.0
a136,2,50,0.046415888336127795,1,7.04e-06,9.999999999999999e-06,0,1120000.0
a137,2,50,0.027825594022071257,1,7.04e-06,9.999999999999999e-06,0,1120000.0
a138,2,50,0.016681005372000592,1,7.04e-06,9.999999999999999e-06,0,1120000.0
a139,2,50,0.01,1,7.04e-06,9.999999999999999e-06,0,1120000.0
a140,2,50,1.0,1,7.04e-06,4.641588833612772e-05,0,1120000.0
a141,2,50,0.599484250318941,1,7.04e-06,4.641588833612772e-05,0,1120000.0
a142,2,50,0.35938136638046275,1,7.04e-06,4.641588833612772e-05,0,1120000.0
a143,2,50,0.2154434690031884,1,7.04e-06,4.641588833612772e-05,0,1120000.0
a144,2,50,0.1291549665014884,1,7.04e-06,4.641588833612772e-05,0,1120000.0
a145,2,50,0.0774263682681127,1,7.04e-06,4.641588833612772e-05,0,1120000.0
a146,2,50,0.046415888336127795,1,7.04e-06,4.641588833612772e-05,0,1120000.0
a147,2,50,0.027825594022071257,1,7.04e-06,4.641588833612772e-05,0,1120000.0
a148,2,50,0.016681005372000592,1,7.04e-06,4.641588833612772e-05,0,1120000.0
a149,2,50,0.01,1,7.04e-06,4.641588833612772e-05,0,1120000.0
a150,2,50,1.0,1,7.04e-06,0.00021544346900318823,0,1120000.0
a151,2,50,0.599484250318941,1,7.04e-06,0.00021544346900318823,0,1120000.0
a152,2,50,0.35938136638046275,1,7.04e-06,0.00021544346900318823,0,1120000.0
a153,2,50,0.2154434690031884,1,7.04e-06,0.00021544346900318823,0,1120000.0
a154,2,50,0.1291549665014884,1,7.04e-06,0.00021544346900318823,0,1120000.0
a155,2,50,0.0774263682681127,1,7.04e-06,0.00021544346900318823,0,1120000.0
a156,2,50,0.046415888336127795,1,7.04e-06,0.00021544346900318823,0,1120000.0
a157,2,50,0.027825594022071257,1,7.04e-06,0.00021544346900318823,0,1120000.0
a158,2,50,0.016681005372000592,1,7.04e-06,0.00021544346900318823,0,1120000.0
a159,2,50,0.01,1,7.04e-06,0.00021544346900318823,0,1120000.0
a160,2,50,1.0,1,7.04e-06,0.001,0,1120000.0
a161,2,50,0.599484250318941,1,7.04e-06,0.001,0,1120000.0
a162,2,50,0.35938136638046275,1,7.04e-06,0.001,0,1120000.0
a163,2,50,0.2154434690031884,1,7.04e-06,0.001,0,1120000.0
a164,2,50,0.1291549665014884,1,7.04e-06,0.001,0,1120000.0
a165,2,50,0.0774263682681127,1,7.04e-06,0.001,0,1120000.0
a166,2,50,0.046415888336127795,1,7.04e-06,0.001,0,1120000.0
a167,2,50,0.027825594022071257,1,7.04e-06,0.001,0,1120000.0
a168,2,50,0.016681005372000592,1,7.04e-06,0.001,0,1120000.0
a169,2,50,0.01,1,7.04e-06,0.001,0,1120000.0
a170,2,50,1.0,1,7.04e-06,0.004641588833612773,0,1120000.0
a171,2,50,0.599484250318941,1,7.04e-06,0.004641588833612773,0,1120000.0
a172,2,50,0.35938136638046275,1,7.04e-06,0.004641588833612773,0,1120000.0
a173,2,50,0.2154434690031884,1,7.04e-06,0.004641588833612773,0,1120000.0
a174,2,50,0.1291549665014884,1,7.04e-06,0.004641588833612773,0,1120000.0
a175,2,50,0.0774263682681127,1,7.04e-06,0.004641588833612773,0,1120000.0
a176,2,50,0.046415888336127795,1,7.04e-06,0.004641588833612773,0,1120000.0
a177,2,50,0.027825594022071257,1,7.04e-06,0.004641588833612773,0,1120000.0
a178,2,50,0.016681005372000592,1,7.04e-06,0.004641588833612773,0,1120000.0
a179,2,50,0.01,1,7.04e-06,0.004641588833612773,0,1120000.0
a180,2,50,1.0,1,7.04e-06,0.021544346900318822,0,1120000.0
a181,2,50,0.599484250318941,1,7.04e-06,0.021544346900318822,0,1120000.0
a182,2,50,0.35938136638046275,1,7.04e-06,0.021544346900318822,0,1120000.0
a183,2,50,0.2154434690031884,1,7.04e-06,0.021544346900318822,0,1120000.0
a184,2,50,0.1291549665014884,1,7.04e-06,0.021544346900318822,0,1120000.0
a185,2,50,0.0774263682681127,1,7.04e-06,0.021544346900318822,0,1120000.0
a186,2,50,0.046415888336127795,1,7.04e-06,0.021544346900318822,0,1120000.0
a187,2,50,0.027825594022071257,1,7.04e-06,0.021544346900318822,0,1120000.0
a188,2,50,0.016681005372000592,1,7.04e-06,0.021544346900318822,0,1120000.0
a189,2,50,0.01,1,7.04e-06,0.021544346900318822,0,1120000.0
a190,2,50,1.0,1,7.04e-06,0.1,0,1120000.0
a191,2,50,0.599484250318941,1,7.04e-06,0.1,0,1120000.0
a192,2,50,0.35938136638046275,1,7.04e-06,0.1,0,1120000.0
a193,2,50,0.2154434690031884,1,7.04e-06,0.1,0,1120000.0
a194,2,50,0.1291549665014884,1,7.04e-06,0.1,0,1120000.0
a195,2,50,0.0774263682681127,1,7.04e-06,0.1,0,1120000.0
a196,2,50,0.046415888336127795,1,7.04e-06,0.1,0,1120000.0
a197,2,50,0.027825594022071257,1,7.04e-06,0.1,0,1120000.0
a198,2,50,0.016681005372000592,1,7.04e-06,0.1,0,1120000.0
a199,2,50,0.01,1,7.04e-06,0.1,0,1120000.0
a200,3,50,1.0,1,9.98e-06,1e-07,0,6670000.0
a201,3,50,0.599484250318941,1,9.98e-06,1e-07,0,6670000.0
a202,3,50,0.35938136638046275,1,9.98e-06,1e-07,0,6670000.0
a203,3,50,0.2154434690031884,1,9.98e-06,1e-07,0,6670000.0
a204,3,50,0.1291549665014884,1,9.98e-06,1e-07,0,6670000.0
a205,3,50,0.0774263682681127,1,9.98e-06,1e-07,0,6670000.0
a206,3,50,0.046415888336127795,1,9.98e-06,1e-07,0,6670000.0
a207,3,50,0.027825594022071257,1,9.98e-06,1e-07,0,6670000.0
a208,3,50,0.016681005372000592,1,9.98e-06,1e-07,0,6670000.0
a209,3,50,0.01,1,9.98e-06,1e-07,0,6670000.0
a210,3,50,1.0,1,9.98e-06,4.641588833612782e-07,0,6670000.0
a211,3,50,0.599484250318941,1,9.98e-06,4.641588833612782e-07,0,6670000.0
a212,3,50,0.35938136638046275,1,9.98e-06,4.641588833612782e-07,0,6670000.0
a213,3,50,0.2154434690031884,1,9.98e-06,4.641588833612782e-07,0,6670000.0
a214,3,50,0.1291549665014884,1,9.98e-06,4.641588833612782e-07,0,6670000.0
a215,3,50,0.0774263682681127,1,9.98e-06,4.641588833612782e-07,0,6670000.0
a216,3,50,0.046415888336127795,1,9.98e-06,4.641588833612782e-07,0,6670000.0
a217,3,50,0.027825594022071257,1,9.98e-06,4.641588833612782e-07,0,6670000.0
a218,3,50,0.016681005372000592,1,9.98e-06,4.641588833612782e-07,0,6670000.0
a219,3,50,0.01,1,9.98e-06,4.641588833612782e-07,0,6670000.0
a220,3,50,1.0,1,9.98e-06,2.1544346900318822e-06,0,6670000.0
a221,3,50,0.599484250318941,1,9.98e-06,2.1544346900318822e-06,0,6670000.0
a222,3,50,0.35938136638046275,1,9.98e-06,2.1544346900318822e-06,0,6670000.0
a223,3,50,0.2154434690031884,1,9.98e-06,2.1544346900318822e-06,0,6670000.0
a224,3,50,0.1291549665014884,1,9.98e-06,2.1544346900318822e-06,0,6670000.0
a225,3,50,0.0774263682681127,1,9.98e-06,2.1544346900318822e-06,0,6670000.0
a226,3,50,0.046415888336127795,1,9.98e-06,2.1544346900318822e-06,0,6670000.0
a227,3,50,0.027825594022071257,1,9.98e-06,2.1544346900318822e-06,0,6670000.0
a228,3,50,0.016681005372000592,1,9.98e-06,2.1544346900318822e-06,0,6670000.0
a229,3,50,0.01,1,9.98e-06,2.1544346900318822e-06,0,6670000.0
a230,3,50,1.0,1,9.98e-06,9.999999999999999e-06,0,6670000.0
a231,3,50,0.599484250318941,1,9.98e-06,9.999999999999999e-06,0,6670000.0
a232,3,50,0.35938136638046275,1,9.98e-06,9.999999999999999e-06,0,6670000.0
a233,3,50,0.2154434690031884,1,9.98e-06,9.999999999999999e-06,0,6670000.0
a234,3,50,0.1291549665014884,1,9.98e-06,9.999999999999999e-06,0,6670000.0
a235,3,50,0.0774263682681127,1,9.98e-06,9.999999999999999e-06,0,6670000.0
a236,3,50,0.046415888336127795,1,9.98e-06,9.999999999999999e-06,0,6670000.0
a237,3,50,0.027825594022071257,1,9.98e-06,9.999999999999999e-06,0,6670000.0
a238,3,50,0.016681005372000592,1,9.98e-06,9.999999999999999e-06,0,6670000.0
a239,3,50,0.01,1,9.98e-06,9.999999999999999e-06,0,6670000.0
a240,3,50,1.0,1,9.98e-06,4.641588833612772e-05,0,6670000.0
a241,3,50,0.599484250318941,1,9.98e-06,4.641588833612772e-05,0,6670000.0
a242,3,50,0.35938136638046275,1,9.98e-06,4.641588833612772e-05,0,6670000.0
a243,3,50,0.2154434690031884,1,9.98e-06,4.641588833612772e-05,0,6670000.0
a244,3,50,0.1291549665014884,1,9.98e-06,4.641588833612772e-05,0,6670000.0
a245,3,50,0.0774263682681127,1,9.98e-06,4.641588833612772e-05,0,6670000.0
a246,3,50,0.046415888336127795,1,9.98e-06,4.641588833612772e-05,0,6670000.0
a247,3,50,0.027825594022071257,1,9.98e-06,4.641588833612772e-05,0,6670000.0
a248,3,50,0.016681005372000592,1,9.98e-06,4.641588833612772e-05,0,6670000.0
a249,3,50,0.01,1,9.98e-06,4.641588833612772e-05,0,6670000.0
a250,3,50,1.0,1,9.98e-06,0.00021544346900318823,0,6670000.0
a251,3,50,0.599484250318941,1,9.98e-06,0.00021544346900318823,0,6670000.0
a252,3,50,0.35938136638046275,1,9.98e-06,0.00021544346900318823,0,6670000.0
a253,3,50,0.2154434690031884,1,9.98e-06,0.00021544346900318823,0,6670000.0
a254,3,50,0.1291549665014884,1,9.98e-06,0.00021544346900318823,0,6670000.0
a255,3,50,0.0774263682681127,1,9.98e-06,0.00021544346900318823,0,6670000.0
a256,3,50,0.046415888336127795,1,9.98e-06,0.00021544346900318823,0,6670000.0
a257,3,50,0.027825594022071257,1,9.98e-06,0.00021544346900318823,0,6670000.0
a258,3,50,0.016681005372000592,1,9.98e-06,0.00021544346900318823,0,6670000.0
a259,3,50,0.01,1,9.98e-06,0.00021544346900318823,0,6670000.0
a260,3,50,1.0,1,9.98e-06,0.001,0,6670000.0
a261,3,50,0.599484250318941,1,9.98e-06,0.001,0,6670000.0
a262,3,50,0.35938136638046275,1,9.98e-06,0.001,0,6670000.0
a263,3,50,0.2154434690031884,1,9.98e-06,0.001,0,6670000.0
a264,3,50,0.1291549665014884,1,9.98e-06,0.001,0,6670000.0
a265,3,50,0.0774263682681127,1,9.98e-06,0.001,0,6670000.0
a266,3,50,0.046415888336127795,1,9.98e-06,0.001,0,6670000.0
a267,3,50,0.027825594022071257,1,9.98e-06,0.001,0,6670000.0
a268,3,50,0.016681005372000592,1,9.98e-06,0.001,0,6670000.0
a269,3,50,0.01,1,9.98e-06,0.001,0,6670000.0
a270,3,50,1.0,1,9.98e-06,0.004641588833612773,0,6670000.0
a271,3,50,0.599484250318941,1,9.98e-06,0.004641588833612773,0,6670000.0
a272,3,50,0.35938136638046275,1,9.98e-06,0.004641588833612773,0,6670000.0
a273,3,50,0.2154434690031884,1,9.98e-06,0.004641588833612773,0,6670000.0
a274,3,50,0.1291549665014884,1,9.98e-06,0.004641588833612773,0,6670000.0
a275,3,50,0.0774263682681127,1,9.98e-06,0.004641588833612773,0,6670000.0
a276,3,50,0.046415888336127795,1,9.98e-06,0.004641588833612773,0,6670000.0
a277,3,50,0.027825594022071257,1,9.98e-06,0.004641588833612773,0,6670000.0
a278,3,50,0.016681005372000592,1,9.98e-06,0.004641588833612773,0,6670000.0
a279,3,50,0.01,1,9.98e-06,0.004641588833612773,0,6670000.0
a280,3,50,1.0,1,9.98e-06,0.021544346900318822,0,6670000.0
a281,3,50,0.599484250318941,1,9.98e-06,0.021544346900318822,0,6670000.0
a282,3,50,0.35938136638046275,1,9.98e-06,0.021544346900318822,0,6670000.0
a283,3,50,0.2154434690031884,1,9.98e-06,0.021544346900318822,0,6670000.0
a284,3,50,0.1291549665014884,1,9.98e-06,0.021544346900318822,0,6670000.0
a285,3,50,0.0774263682681127,1,9.98e-06,0.021544346900318822,0,6670000.0
a286,3,50,0.046415888336127795,1,9.98e-06,0.021544346900318822,0,6670000.0
a287,3,50,0.027825594022071257,1,9.98e-06,0.021544346900318822,0,6670000.0
a288,3,50,0.016681005372000592,1,9.98e-06,0.021544346900318822,0,6670000.0
a289,3,50,0.01,1,9.98e-06,0.021544346900318822,0,6670000.0
a290,3,50,1.0,1,9.98e-06,0.1,0,6670000.0
a291,3,50,0.599484250318941,1,9.98e-06,0.1,0,6670000.0
a292,3,50,0.35938136638046275,1,9.98e-06,0.1,0,6670000.0
a293,3,50,0.2154434690031884,1,9.98e-06,0.1,0,6670000.0
a294,3,50,0.1291549665014884,1,9.98e-06,0.1,0,6670000.0
a295,3,50,0.0774263682681127,1,9.98e-06,0.1,0,6670000.0
a296,3,50,0.046415888336127795,1,9.98e-06,0.1,0,6670000.0
a297,3,50,0.027825594022071257,1,9.98e-06,0.1,0,6670000.0
a298,3,50,0.016681005372000592,1,9.98e-06,0.1,0,6670000.0
a299,3,50,0.01,1,9.98e-06,0.1,0,6670000.0
a300,4,50,1.0,1,1.178e-05,1e-07,0,320000.0
a301,4,50,0.599484250318941,1,1.178e-05,1e-07,0,320000.0
a302,4,50,0.35938136638046275,1,1.178e-05,1e-07,0,320000.0
a303,4,50,0.2154434690031884,1,1.178e-05,1e-07,0,320000.0
a304,4,50,0.1291549665014884,1,1.178e-05,1e-07,0,320000.0
a305,4,50,0.0774263682681127,1,1.178e-05,1e-07,0,320000.0
a306,4,50,0.046415888336127795,1,1.178e-05,1e-07,0,320000.0
a307,4,50,0.027825594022071257,1,1.178e-05,1e-07,0,320000.0
a308,4,50,0.016681005372000592,1,1.178e-05,1e-07,0,320000.0
a309,4,50,0.01,1,1.178e-05,1e-07,0,320000.0
a310,4,50,1.0,1,1.178e-05,4.641588833612782e-07,0,320000.0
a311,4,50,0.599484250318941,1,1.178e-05,4.641588833612782e-07,0,320000.0
a312,4,50,0.35938136638046275,1,1.178e-05,4.641588833612782e-07,0,320000.0
a313,4,50,0.2154434690031884,1,1.178e-05,4.641588833612782e-07,0,320000.0
a314,4,50,0.1291549665014884,1,1.178e-05,4.641588833612782e-07,0,320000.0
a315,4,50,0.0774263682681127,1,1.178e-05,4.641588833612782e-07,0,320000.0
a316,4,50,0.046415888336127795,1,1.178e-05,4.641588833612782e-07,0,320000.0
a317,4,50,0.027825594022071257,1,1.178e-05,4.641588833612782e-07,0,320000.0
a318,4,50,0.016681005372000592,1,1.178e-05,4.641588833612782e-07,0,320000.0
a319,4,50,0.01,1,1.178e-05,4.641588833612782e-07,0,320000.0
a320,4,50,1.0,1,1.178e-05,2.1544346900318822e-06,0,320000.0
a321,4,50,0.599484250318941,1,1.178e-05,2.1544346900318822e-06,0,320000.0
a322,4,50,0.35938136638046275,1,1.178e-05,2.1544346900318822e-06,0,320000.0
a323,4,50,0.2154434690031884,1,1.178e-05,2.1544346900318822e-06,0,320000.0
a324,4,50,0.1291549665014884,1,1.178e-05,2.1544346900318822e-06,0,320000.0
a325,4,50,0.0774263682681127,1,1.178e-05,2.1544346900318822e-06,0,320000.0
a326,4,50,0.046415888336127795,1,1.178e-05,2.1544346900318822e-06,0,320000.0
a327,4,50,0.027825594022071257,1,1.178e-05,2.1544346900318822e-06,0,320000.0
a328,4,50,0.016681005372000592,1,1.178e-05,2.1544346900318822e-06,0,320000.0
a329,4,50,0.01,1,1.178e-05,2.1544346900318822e-06,0,320000.0
a330,4,50,1.0,1,1.178e-05,9.999999999999999e-06,0,320000.0
a331,4,50,0.599484250318941,1,1.178e-05,9.999999999999999e-06,0,320000.0
a332,4,50,0.35938136638046275,1,1.178e-05,9.999999999999999e-06,0,320000.0
a333,4,50,0.2154434690031884,1,1.178e-05,9.999999999999999e-06,0,320000.0
a334,4,50,0.1291549665014884,1,1.178e-05,9.999999999999999e-06,0,320000.0
a335,4,50,0.0774263682681127,1,1.178e-05,9.999999999999999e-06,0,320000.0
a336,4,50,0.046415888336127795,1,1.178e-05,9.999999999999999e-06,0,320000.0
a337,4,50,0.027825594022071257,1,1.178e-05,9.999999999999999e-06,0,320000.0
a338,4,50,0.016681005372000592,1,1.178e-05,9.999999999999999e-06,0,320000.0
a339,4,50,0.01,1,1.178e-05,9.999999999999999e-06,0,320000.0
a340,4,50,1.0,1,1.178e-05,4.641588833612772e-05,0,320000.0
a341,4,50,0.599484250318941,1,1.178e-05,4.641588833612772e-05,0,320000.0
a342,4,50,0.35938136638046275,1,1.178e-05,4.641588833612772e-05,0,320000.0
a343,4,50,0.2154434690031884,1,1.178e-05,4.641588833612772e-05,0,320000.0
a344,4,50,0.1291549665014884,1,1.178e-05,4.641588833612772e-05,0,320000.0
a345,4,50,0.0774263682681127,1,1.178e-05,4.641588833612772e-05,0,320000.0
a346,4,50,0.046415888336127795,1,1.178e-05,4.641588833612772e-05,0,320000.0
a347,4,50,0.027825594022071257,1,1.178e-05,4.641588833612772e-05,0,320000.0
a348,4,50,0.016681005372000592,1,1.178e-05,4.641588833612772e-05,0,320000.0
a349,4,50,0.01,1,1.178e-05,4.641588833612772e-05,0,320000.0
a350,4,50,1.0,1,1.178e-05,0.00021544346900318823,0,320000.0
a351,4,50,0.599484250318941,1,1.178e-05,0.00021544346900318823,0,320000.0
a352,4,50,0.35938136638046275,1,1.178e-05,0.00021544346900318823,0,320000.0
a353,4,50,0.2154434690031884,1,1.178e-05,0.00021544346900318823,0,320000.0
a354,4,50,0.1291549665014884,1,1.178e-05,0.00021544346900318823,0,320000.0
a355,4,50,0.0774263682681127,1,1.178e-05,0.00021544346900318823,0,320000.0
a356,4,50,0.046415888336127795,1,1.178e-05,0.00021544346900318823,0,320000.0
a357,4,50,0.027825594022071257,1,1.178e-05,0.00021544346900318823,0,320000.0
a358,4,50,0.016681005372000592,1,1.178e-05,0.00021544346900318823,0,320000.0
a359,4,50,0.01,1,1.178e-05,0.00021544346900318823,0,320000.0
a360,4,50,1.0,1,1.178e-05,0.001,0,320000.0
a361,4,50,0.599484250318941,1,1.178e-05,0.001,0,320000.0
a362,4,50,0.35938136638046275,1,1.178e-05,0.001,0,320000.0
a363,4,50,0.2154434690031884,1,1.178e-05,0.001,0,320000.0
a364,4,50,0.1291549665014884,1,1.178e-05,0.001,0,320000.0
a365,4,50,0.0774263682681127,1,1.178e-05,0.001,0,320000.0
a366,4,50,0.046415888336127795,1,1.178e-05,0.001,0,320000.0
a367,4,50,0.027825594022071257,1,1.178e-05,0.001,0,320000.0
a368,4,50,0.016681005372000592,1,1.178e-05,0.001,0,320000.0
a369,4,50,0.01,1,1.178e-05,0.001,0,320000.0
a370,4,50,1.0,1,1.178e-05,0.004641588833612773,0,320000.0
a371,4,50,0.599484250318941,1,1.178e-05,0.004641588833612773,0,320000.0
a372,4,50,0.35938136638046275,1,1.178e-05,0.004641588833612773,0,320000.0
a373,4,50,0.2154434690031884,1,1.178e-05,0.004641588833612773,0,320000.0
a374,4,50,0.1291549665014884,1,1.178e-05,0.004641588833612773,0,320000.0
a375,4,50,0.0774263682681127,1,1.178e-05,0.004641588833612773,0,320000.0
a376,4,50,0.046415888336127795,1,1.178e-05,0.004641588833612773,0,320000.0
a377,4,50,0.027825594022071257,1,1.178e-05,0.004641588833612773,0,320000.0
a378,4,50,0.016681005372000592,1,1.178e-05,0.004641588833612773,0,320000.0
a379,4,50,0.01,1,1.178e-05,0.004641588833612773,0,320000.0
a380,4,50,1.0,1,1.178e-05,0.021544346900318822,0,320000.0
a381,4,50,0.599484250318941,1,1.178e-05,0.021544346900318822,0,320000.0
a382,4,50,0.35938136638046275,1,1.178e-05,0.021544346900318822,0,320000.0
a383,4,50,0.2154434690031884,1,1.178e-05,0.021544346900318822,0,320000.0
a384,4,50,0.1291549665014884,1,1.178e-05,0.021544346900318822,0,320000.0
a385,4,50,0.0774263682681127,1,1.178e-05,0.021544346900318822,0,320000.0
a386,4,50,0.046415888336127795,1,1.178e-05,0.021544346900318822,0,320000.0
a387,4,50,0.027825594022071257,1,1.178e-05,0.021544346900318822,0,320000.0
a388,4,50,0.016681005372000592,1,1.178e-05,0.021544346900318822,0,320000.0
a389,4,50,0.01,1,1.178e-05,0.021544346900318822,0,320000.0
a390,4,50,1.0,1,1.178e-05,0.1,0,320000.0
a391,4,50,0.599484250318941,1,1.178e-05,0.1,0,320000.0
a392,4,50,0.35938136638046275,1,1.178e-05,0.1,0,320000.0
a393,4,50,0.2154434690031884,1,1.178e-05,0.1,0,320000.0
a394,4,50,0.1291549665014884,1,1.178e-05,0.1,0,320000.0
a395,4,50,0.0774263682681127,1,1.178e-05,0.1,0,320000.0
a396,4,50,0.046415888336127795,1,1.178e-05,0.1,0,320000.0
a397,4,50,0.027825594022071257,1,1.178e-05,0.1,0,320000.0
a398,4,50,0.016681005372000592,1,1.178e-05,0.1,0,320000.0
a399,4,50,0.01,1,1.178e-05,0.1,0,320000.0
a400,5,50,1.0,1,2.7e-06,1e-07,0,838000.0
a401,5,50,0.599484250318941,1,2.7e-06,1e-07,0,838000.0
a402,5,50,0.35938136638046275,1,2.7e-06,1e-07,0,838000.0
a403,5,50,0.2154434690031884,1,2.7e-06,1e-07,0,838000.0
a404,5,50,0.1291549665014884,1,2.7e-06,1e-07,0,838000.0
a405,5,50,0.0774263682681127,1,2.7e-06,1e-07,0,838000.0
a406,5,50,0.046415888336127795,1,2.7e-06,1e-07,0,838000.0
a407,5,50,0.027825594022071257,1,2.7e-06,1e-07,0,838000.0
a408,5,50,0.016681005372000592,1,2.7e-06,1e-07,0,838000.0
a409,5,50,0.01,1,2.7e-06,1e-07,0,838000.0
a410,5,50,1.0,1,2.7e-06,4.641588833612782e-07,0,838000.0
a411,5,50,0.599484250318941,1,2.7e-06,4.641588833612782e-07,0,838000.0
a412,5,50,0.35938136638046275,1,2.7e-06,4.641588833612782e-07,0,838000.0
a413,5,50,0.2154434690031884,1,2.7e-06,4.641588833612782e-07,0,838000.0
a414,5,50,0.1291549665014884,1,2.7e-06,4.641588833612782e-07,0,838000.0
a415,5,50,0.0774263682681127,1,2.7e-06,4.641588833612782e-07,0,838000.0
a416,5,50,0.046415888336127795,1,2.7e-06,4.641588833612782e-07,0,838000.0
a417,5,50,0.027825594022071257,1,2.7e-06,4.641588833612782e-07,0,838000.0
a418,5,50,0.016681005372000592,1,2.7e-06,4.641588833612782e-07,0,838000.0
a419,5,50,0.01,1,2.7e-06,4.641588833612782e-07,0,838000.0
a420,5,50,1.0,1,2.7e-06,2.1544346900318822e-06,0,838000.0
a421,5,50,0.599484250318941,1,2.7e-06,2.1544346900318822e-06,0,838000.0
a422,5,50,0.35938136638046275,1,2.7e-06,2.1544346900318822e-06,0,838000.0
a423,5,50,0.2154434690031884,1,2.7e-06,2.1544346900318822e-06,0,838000.0
a424,5,50,0.1291549665014884,1,2.7e-06,2.1544346900318822e-06,0,838000.0
a425,5,50,0.0774263682681127,1,2.7e-06,2.1544346900318822e-06,0,838000.0
a426,5,50,0.046415888336127795,1,2.7e-06,2.1544346900318822e-06,0,838000.0
a427,5,50,0.027825594022071257,1,2.7e-06,2.1544346900318822e-06,0,838000.0
a428,5,50,0.016681005372000592,1,2.7e-06,2.1544346900318822e-06,0,838000.0
a429,5,50,0.01,1,2.7e-06,2.1544346900318822e-06,0,838000.0
a430,5,50,1.0,1,2.7e-06,9.999999999999999e-06,0,838000.0
a431,5,50,0.599484250318941,1,2.7e-06,9.999999999999999e-06,0,838000.0
a432,5,50,0.35938136638046275,1,2.7e-06,9.999999999999999e-06,0,838000.0
a433,5,50,0.2154434690031884,1,2.7e-06,9.999999999999999e-06,0,838000.0
a434,5,50,0.1291549665014884,1,2.7e-06,9.999999999999999e-06,0,838000.0
a435,5,50,0.0774263682681127,1,2.7e-06,9.999999999999999e-06,0,838000.0
a436,5,50,0.046415888336127795,1,2.7e-06,9.999999999999999e-06,0,838000.0
a437,5,50,0.027825594022071257,1,2.7e-06,9.999999999999999e-06,0,838000.0
a438,5,50,0.016681005372000592,1,2.7e-06,9.999999999999999e-06,0,838000.0
a439,5,50,0.01,1,2.7e-06,9.999999999999999e-06,0,838000.0
a440,5,50,1.0,1,2.7e-06,4.641588833612772e-05,0,838000.0
a441,5,50,0.599484250318941,1,2.7e-06,4.641588833612772e-05,0,838000.0
a442,5,50,0.35938136638046275,1,2.7e-06,4.641588833612772e-05,0,838000.0
a443,5,50,0.2154434690031884,1,2.7e-06,4.641588833612772e-05,0,838000.0
a444,5,50,0.1291549665014884,1,2.7e-06,4.641588833612772e-05,0,838000.0
a445,5,50,0.0774263682681127,1,2.7e-06,4.641588833612772e-05,0,838000.0
a446,5,50,0.046415888336127795,1,2.7e-06,4.641588833612772e-05,0,838000.0
a447,5,50,0.027825594022071257,1,2.7e-06,4.641588833612772e-05,0,838000.0
a448,5,50,0.016681005372000592,1,2.7e-06,4.641588833612772e-05,0,838000.0
a449,5,50,0.01,1,2.7e-06,4.641588833612772e-05,0,838000.0
a450,5,50,1.0,1,2.7e-06,0.00021544346900318823,0,838000.0
a451,5,50,0.599484250318941,1,2.7e-06,0.00021544346900318823,0,838000.0
a452,5,50,0.35938136638046275,1,2.7e-06,0.00021544346900318823,0,838000.0
a453,5,50,0.2154434690031884,1,2.7e-06,0.00021544346900318823,0,838000.0
a454,5,50,0.1291549665014884,1,2.7e-06,0.00021544346900318823,0,838000.0
a455,5,50,0.0774263682681127,1,2.7e-06,0.00021544346900318823,0,838000.0
a456,5,50,0.046415888336127795,1,2.7e-06,0.00021544346900318823,0,838000.0
a457,5,50,0.027825594022071257,1,2.7e-06,0.00021544346900318823,0,838000.0
a458,5,50,0.016681005372000592,1,2.7e-06,0.00021544346900318823,0,838000.0
a459,5,50,0.01,1,2.7e-06,0.00021544346900318823,0,838000.0
a460,5,50,1.0,1,2.7e-06,0.001,0,838000.0
a461,5,50,0.599484250318941,1,2.7e-06,0.001,0,838000.0
a462,5,50,0.35938136638046275,1,2.7e-06,0.001,0,838000.0
a463,5,50,0.2154434690031884,1,2.7e-06,0.001,0,838000.0
a464,5,50,0.1291549665014884,1,2.7e-06,0.001,0,838000.0
a465,5,50,0.0774263682681127,1,2.7e-06,0.001,0,838000.0
a466,5,50,0.046415888336127795,1,2.7e-06,0.001,0,838000.0
a467,5,50,0.027825594022071257,1,2.7e-06,0.001,0,838000.0
a468,5,50,0.016681005372000592,1,2.7e-06,0.001,0,838000.0
a469,5,50,0.01,1,2.7e-06,0.001,0,838000.0
a470,5,50,1.0,1,2.7e-06,0.004641588833612773,0,838000.0
a471,5,50,0.599484250318941,1,2.7e-06,0.004641588833612773,0,838000.0
a472,5,50,0.35938136638046275,1,2.7e-06,0.004641588833612773,0,838000.0
a473,5,50,0.2154434690031884,1,2.7e-06,0.004641588833612773,0,838000.0
a474,5,50,0.1291549665014884,1,2.7e-06,0.004641588833612773,0,838000.0
a475,5,50,0.0774263682681127,1,2.7e-06,0.004641588833612773,0,838000.0
a476,5,50,0.046415888336127795,1,2.7e-06,0.004641588833612773,0,838000.0
a477,5,50,0.027825594022071257,1,2.7e-06,0.004641588833612773,0,838000.0
a478,5,50,0.016681005372000592,1,2.7e-06,0.004641588833612773,0,838000.0
a479,5,50,0.01,1,2.7e-06,0.004641588833612773,0,838000.0
a480,5,50,1.0,1,2.7e-06,0.021544346900318822,0,838000.0
a481,5,50,0.599484250318941,1,2.7e-06,0.021544346900318822,0,838000.0
a482,5,50,0.35938136638046275,1,2.7e-06,0.021544346900318822,0,838000.0
a483,5,50,0.2154434690031884,1,2.7e-06,0.021544346900318822,0,838000.0
a484,5,50,0.1291549665014884,1,2.7e-06,0.021544346900318822,0,838000.0
a485,5,50,0.0774263682681127,1,2.7e-06,0.021544346900318822,0,838000.0
a486,5,50,0.046415888336127795,1,2.7e-06,0.021544346900318822,0,838000.0
a487,5,50,0.027825594022071257,1,2.7e-06,0.021544346900318822,0,838000.0
a488,5,50,0.016681005372000592,1,2.7e-06,0.021544346900318822,0,838000.0
a489,5,50,0.01,1,2.7e-06,0.021544346900318822,0,838000.0
a490,5,50,1.0,1,2.7e-06,0.1,0,838000.0
a491,5,50,0.599484250318941,1,2.7e-06,0.1,0,838000.0
a492,5,50,0.35938136638046275,1,2.7e-06,0.1,0,838000.0
a493,5,50,0.2154434690031884,1,2.7e-06,0.1,0,838000.0
a494,5,50,0.1291549665014884,1,2.7e-06,0.1,0,838000.0
a495,5,50,0.0774263682681127,1,2.7e-06,0.1,0,838000.0
a496,5,50,0.046415888336127795,1,2.7e-06,0.1,0,838000.0
a497,5,50,0.027825594022071257,1,2.7e-06,0.1,0,838000.0
a498,5,50,0.016681005372000592,1,2.7e-06,0.1,0,838000.0
a499,5,50,0.01,1,2.7e-06,0.1,0,838000.0
a500,8,50,1.0,1,5.14e-06,1e-07,0,4840000.0
a501,8,50,0.599484250318941,1,5.14e-06,1e-07,0,4840000.0
a502,8,50,0.35938136638046275,1,5.14e-06,1e-07,0,4840000.0
a503,8,50,0.2154434690031884,1,5.14e-06,1e-07,0,4840000.0
a504,8,50,0.1291549665014884,1,5.14e-06,1e-07,0,4840000.0
a505,8,50,0.0774263682681127,1,5.14e-06,1e-07,0,4840000.0
a506,8,50,0.046415888336127795,1,5.14e-06,1e-07,0,4840000.0
a507,8,50,0.027825594022071257,1,5.14e-06,1e-07,0,4840000.0
a508,8,50,0.016681005372000592,1,5.14e-06,1e-07,0,4840000.0
a509,8,50,0.01,1,5.14e-06,1e-07,0,4840000.0
a510,8,50,1.0,1,5.14e-06,4.641588833612782e-07,0,4840000.0
a511,8,50,0.599484250318941,1,5.14e-06,4.641588833612782e-07,0,4840000.0
a512,8,50,0.35938136638046275,1,5.14e-06,4.641588833612782e-07,0,4840000.0
a513,8,50,0.2154434690031884,1,5.14e-06,4.641588833612782e-07,0,4840000.0
a514,8,50,0.1291549665014884,1,5.14e-06,4.641588833612782e-07,0,4840000.0
a515,8,50,0.0774263682681127,1,5.14e-06,4.641588833612782e-07,0,4840000.0
a516,8,50,0.046415888336127795,1,5.14e-06,4.641588833612782e-07,0,4840000.0
a517,8,50,0.027825594022071257,1,5.14e-06,4.641588833612782e-07,0,4840000.0
a518,8,50,0.016681005372000592,1,5.14e-06,4.641588833612782e-07,0,4840000.0
a519,8,50,0.01,1,5.14e-06,4.641588833612782e-07,0,4840000.0
a520,8,50,1.0,1,5.14e-06,2.1544346900318822e-06,0,4840000.0
a521,8,50,0.599484250318941,1,5.14e-06,2.1544346900318822e-06,0,4840000.0
a522,8,50,0.35938136638046275,1,5.14e-06,2.1544346900318822e-06,0,4840000.0
a523,8,50,0.2154434690031884,1,5.14e-06,2.1544346900318822e-06,0,4840000.0
a524,8,50,0.1291549665014884,1,5.14e-06,2.1544346900318822e-06,0,4840000.0
a525,8,50,0.0774263682681127,1,5.14e-06,2.1544346900318822e-06,0,4840000.0
a526,8,50,0.046415888336127795,1,5.14e-06,2.1544346900318822e-06,0,4840000.0
a527,8,50,0.027825594022071257,1,5.14e-06,2.1544346900318822e-06,0,4840000.0
a528,8,50,0.016681005372000592,1,5.14e-06,2.1544346900318822e-06,0,4840000.0
a529,8,50,0.01,1,5.14e-06,2.1544346900318822e-06,0,4840000.0
a530,8,50,1.0,1,5.14e-06,9.999999999999999e-06,0,4840000.0
a531,8,50,0.599484250318941,1,5.14e-06,9.999999999999999e-06,0,4840000.0
a532,8,50,0.35938136638046275,1,5.14e-06,9.999999999999999e-06,0,4840000.0
a533,8,50,0.2154434690031884,1,5.14e-06,9.999999999999999e-06,0,4840000.0
a534,8,50,0.1291549665014884,1,5.14e-06,9.999999999999999e-06,0,4840000.0
a535,8,50,0.0774263682681127,1,5.14e-06,9.999999999999999e-06,0,4840000.0
a536,8,50,0.046415888336127795,1,5.14e-06,9.999999999999999e-06,0,4840000.0
a537,8,50,0.027825594022071257,1,5.14e-06,9.999999999999999e-06,0,4840000.0
a538,8,50,0.016681005372000592,1,5.14e-06,9.999999999999999e-06,0,4840000.0
a539,8,50,0.01,1,5.14e-06,9.999999999999999e-06,0,4840000.0
a540,8,50,1.0,1,5.14e-06,4.641588833612772e-05,0,4840000.0
a541,8,50,0.599484250318941,1,5.14e-06,4.641588833612772e-05,0,4840000.0
a542,8,50,0.35938136638046275,1,5.14e-06,4.641588833612772e-05,0,4840000.0
a543,8,50,0.2154434690031884,1,5.14e-06,4.641588833612772e-05,0,4840000.0
a544,8,50,0.1291549665014884,1,5.14e-06,4.641588833612772e-05,0,4840000.0
a545,8,50,0.0774263682681127,1,5.14e-06,4.641588833612772e-05,0,4840000.0
a546,8,50,0.046415888336127795,1,5.14e-06,4.641588833612772e-05,0,4840000.0
a547,8,50,0.027825594022071257,1,5.14e-06,4.641588833612772e-05,0,4840000.0
a548,8,50,0.016681005372000592,1,5.14e-06,4.641588833612772e-05,0,4840000.0
a549,8,50,0.01,1,5.14e-06,4.641588833612772e-05,0,4840000.0
a550,8,50,1.0,1,5.14e-06,0.00021544346900318823,0,4840000.0
a551,8,50,0.599484250318941,1,5.14e-06,0.00021544346900318823,0,4840000.0
a552,8,50,0.35938136638046275,1,5.14e-06,0.00021544346900318823,0,4840000.0
a553,8,50,0.2154434690031884,1,5.14e-06,0.00021544346900318823,0,4840000.0
a554,8,50,0.1291549665014884,1,5.14e-06,0.00021544346900318823,0,4840000.0
a555,8,50,0.0774263682681127,1,5.14e-06,0.00021544346900318823,0,4840000.0
a556,8,50,0.046415888336127795,1,5.14e-06,0.00021544346900318823,0,4840000.0
a557,8,50,0.027825594022071257,1,5.14e-06,0.00021544346900318823,0,4840000.0
a558,8,50,0.016681005372000592,1,5.14e-06,0.00021544346900318823,0,4840000.0
a559,8,50,0.01,1,5.14e-06,0.00021544346900318823,0,4840000.0
a560,8,50,1.0,1,5.14e-06,0.001,0,4840000.0
a561,8,50,0.599484250318941,1,5.14e-06,0.001,0,4840000.0
a562,8,50,0.35938136638046275,1,5.14e-06,0.001,0,4840000.0
a563,8,50,0.2154434690031884,1,5.14e-06,0.001,0,4840000.0
a564,8,50,0.1291549665014884,1,5.14e-06,0.001,0,4840000.0
a565,8,50,0.0774263682681127,1,5.14e-06,0.001,0,4840000.0
a566,8,50,0.046415888336127795,1,5.14e-06,0.001,0,4840000.0
a567,8,50,0.027825594022071257,1,5.14e-06,0.001,0,4840000.0
a568,8,50,0.016681005372000592,1,5.14e-06,0.001,0,4840000.0
a569,8,50,0.01,1,5.14e-06,0.001,0,4840000.0
a570,8,50,1.0,1,5.14e-06,0.004641588833612773,0,4840000.0
a571,8,50,0.599484250318941,1,5.14e-06,0.004641588833612773,0,4840000.0
a572,8,50,0.35938136638046275,1,5.14e-06,0.004641588833612773,0,4840000.0
a573,8,50,0.2154434690031884,1,5.14e-06,0.004641588833612773,0,4840000.0
a574,8,50,0.1291549665014884,1,5.14e-06,0.004641588833612773,0,4840000.0
a575,8,50,0.0774263682681127,1,5.14e-06,0.004641588833612773,0,4840000.0
a576,8,50,0.046415888336127795,1,5.14e-06,0.004641588833612773,0,4840000.0
a577,8,50,0.027825594022071257,1,5.14e-06,0.004641588833612773,0,4840000.0
a578,8,50,0.016681005372000592,1,5.14e-06,0.004641588833612773,0,4840000.0
a579,8,50,0.01,1,5.14e-06,0.004641588833612773,0,4840000.0
a580,8,50,1.0,1,5.14e-06,0.021544346900318822,0,4840000.0
a581,8,50,0.599484250318941,1,5.14e-06,0.021544346900318822,0,4840000.0
a582,8,50,0.35938136638046275,1,5.14e-06,0.021544346900318822,0,4840000.0
a583,8,50,0.2154434690031884,1,5.14e-06,0.021544346900318822,0,4840000.0
a584,8,50,0.1291549665014884,1,5.14e-06,0.021544346900318822,0,4840000.0
a585,8,50,0.0774263682681127,1,5.14e-06,0.021544346900318822,0,4840000.0
a586,8,50,0.046415888336127795,1,5.14e-06,0.021544346900318822,0,4840000.0
a587,8,50,0.027825594022071257,1,5.14e-06,0.021544346900318822,0,4840000.0
a588,8,50,0.016681005372000592,1,5.14e-06,0.021544346900318822,0,4840000.0
a589,8,50,0.01,1,5.14e-06,0.021544346900318822,0,4840000.0
a590,8,50,1.0,1,5.14e-06,0.1,0,4840000.0
a591,8,50,0.599484250318941,1,5.14e-06,0.1,0,4840000.0
a592,8,50,0.35938136638046275,1,5.14e-06,0.1,0,4840000.0
a593,8,50,0.2154434690031884,1,5.14e-06,0.1,0,4840000.0
a594,8,50,0.1291549665014884,1,5.14e-06,0.1,0,4840000.0
a595,8,50,0.0774263682681127,1,5.14e-06,0.1,0,4840000.0
a596,8,50,0.046415888336127795,1,5.14e-06,0.1,0,4840000.0
a597,8,50,0.027825594022071257,1,5.14e-06,0.1,0,4840000.0
a598,8,50,0.016681005372000592,1,5.14e-06,0.1,0,4840000.0
a599,8,50,0.01,1,5.14e-06,0.1,0,4840000.0
a600,9,50,1.0,1,5.42e-06,1e-07,0,1150000.0
a601,9,50,0.599484250318941,1,5.42e-06,1e-07,0,1150000.0
a602,9,50,0.35938136638046275,1,5.42e-06,1e-07,0,1150000.0
a603,9,50,0.2154434690031884,1,5.42e-06,1e-07,0,1150000.0
a604,9,50,0.1291549665014884,1,5.42e-06,1e-07,0,1150000.0
a605,9,50,0.0774263682681127,1,5.42e-06,1e-07,0,1150000.0
a606,9,50,0.046415888336127795,1,5.42e-06,1e-07,0,1150000.0
a607,9,50,0.027825594022071257,1,5.42e-06,1e-07,0,1150000.0
a608,9,50,0.016681005372000592,1,5.42e-06,1e-07,0,1150000.0
a609,9,50,0.01,1,5.42e-06,1e-07,0,1150000.0
a610,9,50,1.0,1,5.42e-06,4.641588833612782e-07,0,1150000.0
a611,9,50,0.599484250318941,1,5.42e-06,4.641588833612782e-07,0,1150000.0
a612,9,50,0.35938136638046275,1,5.42e-06,4.641588833612782e-07,0,1150000.0
a613,9,50,0.2154434690031884,1,5.42e-06,4.641588833612782e-07,0,1150000.0
a614,9,50,0.1291549665014884,1,5.42e-06,4.641588833612782e-07,0,1150000.0
a615,9,50,0.0774263682681127,1,5.42e-06,4.641588833612782e-07,0,1150000.0
a616,9,50,0.046415888336127795,1,5.42e-06,4.641588833612782e-07,0,1150000.0
a617,9,50,0.027825594022071257,1,5.42e-06,4.641588833612782e-07,0,1150000.0
a618,9,50,0.016681005372000592,1,5.42e-06,4.641588833612782e-07,0,1150000.0
a619,9,50,0.01,1,5.42e-06,4.641588833612782e-07,0,1150000.0
a620,9,50,1.0,1,5.42e-06,2.1544346900318822e-06,0,1150000.0
a621,9,50,0.599484250318941,1,5.42e-06,2.1544346900318822e-06,0,1150000.0
a622,9,50,0.35938136638046275,1,5.42e-06,2.1544346900318822e-06,0,1150000.0
a623,9,50,0.2154434690031884,1,5.42e-06,2.1544346900318822e-06,0,1150000.0
a624,9,50,0.1291549665014884,1,5.42e-06,2.1544346900318822e-06,0,1150000.0
a625,9,50,0.0774263682681127,1,5.42e-06,2.1544346900318822e-06,0,1150000.0
a626,9,50,0.046415888336127795,1,5.42e-06,2.1544346900318822e-06,0,1150000.0
a627,9,50,0.027825594022071257,1,5.42e-06,2.1544346900318822e-06,0,1150000.0
a628,9,50,0.016681005372000592,1,5.42e-06,2.1544346900318822e-06,0,1150000.0
a629,9,50,0.01,1,5.42e-06,2.1544346900318822e-06,0,1150000.0
a630,9,50,1.0,1,5.42e-06,9.999999999999999e-06,0,1150000.0
a631,9,50,0.599484250318941,1,5.42e-06,9.999999999999999e-06,0,1150000.0
a632,9,50,0.35938136638046275,1,5.42e-06,9.999999999999999e-06,0,1150000.0
a633,9,50,0.2154434690031884,1,5.42e-06,9.999999999999999e-06,0,1150000.0
a634,9,50,0.1291549665014884,1,5.42e-06,9.999999999999999e-06,0,1150000.0
a635,9,50,0.0774263682681127,1,5.42e-06,9.999999999999999e-06,0,1150000.0
a636,9,50,0.046415888336127795,1,5.42e-06,9.999999999999999e-06,0,1150000.0
a637,9,50,0.027825594022071257,1,5.42e-06,9.999999999999999e-06,0,1150000.0
a638,9,50,0.016681005372000592,1,5.42e-06,9.999999999999999e-06,0,1150000.0
a639,9,50,0.01,1,5.42e-06,9.999999999999999e-06,0,1150000.0
a640,9,50,1.0,1,5.42e-06,4.641588833612772e-05,0,1150000.0
a641,9,50,0.599484250318941,1,5.42e-06,4.641588833612772e-05,0,1150000.0
a642,9,50,0.35938136638046275,1,5.42e-06,4.641588833612772e-05,0,1150000.0
a643,9,50,0.2154434690031884,1,5.42e-06,4.641588833612772e-05,0,1150000.0
a644,9,50,0.1291549665014884,1,5.42e-06,4.641588833612772e-05,0,1150000.0
a645,9,50,0.0774263682681127,1,5.42e-06,4.641588833612772e-05,0,1150000.0
a646,9,50,0.046415888336127795,1,5.42e-06,4.641588833612772e-05,0,1150000.0
a647,9,50,0.027825594022071257,1,5.42e-06,4.641588833612772e-05,0,1150000.0
a648,9,50,0.016681005372000592,1,5.42e-06,4.641588833612772e-05,0,1150000.0
a649,9,50,0.01,1,5.42e-06,4.641588833612772e-05,0,1150000.0
a650,9,50,1.0,1,5.42e-06,0.00021544346900318823,0,1150000.0
a651,9,50,0.599484250318941,1,5.42e-06,0.00021544346900318823,0,1150000.0
a652,9,50,0.35938136638046275,1,5.42e-06,0.00021544346900318823,0,1150000.0
a653,9,50,0.2154434690031884,1,5.42e-06,0.00021544346900318823,0,1150000.0
a654,9,50,0.1291549665014884,1,5.42e-06,0.00021544346900318823,0,1150000.0
a655,9,50,0.0774263682681127,1,5.42e-06,0.00021544346900318823,0,1150000.0
a656,9,50,0.046415888336127795,1,5.42e-06,0.00021544346900318823,0,1150000.0
a657,9,50,0.027825594022071257,1,5.42e-06,0.00021544346900318823,0,1150000.0
a658,9,50,0.016681005372000592,1,5.42e-06,0.00021544346900318823,0,1150000.0
a659,9,50,0.01,1,5.42e-06,0.00021544346900318823,0,1150000.0
a660,9,50,1.0,1,5.42e-06,0.001,0,1150000.0
a661,9,50,0.599484250318941,1,5.42e-06,0.001,0,1150000.0
a662,9,50,0.35938136638046275,1,5.42e-06,0.001,0,1150000.0
a663,9,50,0.2154434690031884,1,5.42e-06,0.001,0,1150000.0
a664,9,50,0.1291549665014884,1,5.42e-06,0.001,0,1150000.0
a665,9,50,0.0774263682681127,1,5.42e-06,0.001,0,1150000.0
a666,9,50,0.046415888336127795,1,5.42e-06,0.001,0,1150000.0
a667,9,50,0.027825594022071257,1,5.42e-06,0.001,0,1150000.0
a668,9,50,0.016681005372000592,1,5.42e-06,0.001,0,1150000.0
a669,9,50,0.01,1,5.42e-06,0.001,0,1150000.0
a670,9,50,1.0,1,5.42e-06,0.004641588833612773,0,1150000.0
a671,9,50,0.599484250318941,1,5.42e-06,0.004641588833612773,0,1150000.0
a672,9,50,0.35938136638046275,1,5.42e-06,0.004641588833612773,0,1150000.0
a673,9,50,0.2154434690031884,1,5.42e-06,0.004641588833612773,0,1150000.0
a674,9,50,0.1291549665014884,1,5.42e-06,0.004641588833612773,0,1150000.0
a675,9,50,0.0774263682681127,1,5.42e-06,0.004641588833612773,0,1150000.0
a676,9,50,0.046415888336127795,1,5.42e-06,0.004641588833612773,0,1150000.0
a677,9,50,0.027825594022071257,1,5.42e-06,0.004641588833612773,0,1150000.0
a678,9,50,0.016681005372000592,1,5.42e-06,0.004641588833612773,0,1150000.0
a679,9,50,0.01,1,5.42e-06,0.004641588833612773,0,1150000.0
a680,9,50,1.0,1,5.42e-06,0.021544346900318822,0,1150000.0
a681,9,50,0.599484250318941,1,5.42e-06,0.021544346900318822,0,1150000.0
a682,9,50,0.35938136638046275,1,5.42e-06,0.021544346900318822,0,1150000.0
a683,9,50,0.2154434690031884,1,5.42e-06,0.021544346900318822,0,1150000.0
a684,9,50,0.1291549665014884,1,5.42e-06,0.021544346900318822,0,1150000.0
a685,9,50,0.0774263682681127,1,5.42e-06,0.021544346900318822,0,1150000.0
a686,9,50,0.046415888336127795,1,5.42e-06,0.021544346900318822,0,1150000.0
a687,9,50,0.027825594022071257,1,5.42e-06,0.021544346900318822,0,1150000.0
a688,9,50,0.016681005372000592,1,5.42e-06,0.021544346900318822,0,1150000.0
a689,9,50,0.01,1,5.42e-06,0.021544346900318822,0,1150000.0
a690,9,50,1.0,1,5.42e-06,0.1,0,1150000.0
a691,9,50,0.599484250318941,1,5.42e-06,0.1,0,1150000.0
a692,9,50,0.35938136638046275,1,5.42e-06,0.1,0,1150000.0
a693,9,50,0.2154434690031884,1,5.42e-06,0.1,0,1150000.0
a694,9,50,0.1291549665014884,1,5.42e-06,0.1,0,1150000.0
a695,9,50,0.0774263682681127,1,5.42e-06,0.1,0,1150000.0
a696,9,50,0.046415888336127795,1,5.42e-06,0.1,0,1150000.0
a697,9,50,0.027825594022071257,1,5.42e-06,0.1,0,1150000.0
a698,9,50,0.016681005372000592,1,5.42e-06,0.1,0,1150000.0
a699,9,50,0.01,1,5.42e-06,0.1,0,1150000.0
a700,10,50,1.0,1,8.68e-06,1e-07,0,2810000.0
a701,10,50,0.599484250318941,1,8.68e-06,1e-07,0,2810000.0
a702,10,50,0.35938136638046275,1,8.68e-06,1e-07,0,2810000.0
a703,10,50,0.2154434690031884,1,8.68e-06,1e-07,0,2810000.0
a704,10,50,0.1291549665014884,1,8.68e-06,1e-07,0,2810000.0
a705,10,50,0.0774263682681127,1,8.68e-06,1e-07,0,2810000.0
a706,10,50,0.046415888336127795,1,8.68e-06,1e-07,0,2810000.0
a707,10,50,0.027825594022071257,1,8.68e-06,1e-07,0,2810000.0
a708,10,50,0.016681005372000592,1,8.68e-06,1e-07,0,2810000.0
a709,10,50,0.01,1,8.68e-06,1e-07,0,2810000.0
a710,10,50,1.0,1,8.68e-06,4.641588833612782e-07,0,2810000.0
a711,10,50,0.599484250318941,1,8.68e-06,4.641588833612782e-07,0,2810000.0
a712,10,50,0.35938136638046275,1,8.68e-06,4.641588833612782e-07,0,2810000.0
a713,10,50,0.2154434690031884,1,8.68e-06,4.641588833612782e-07,0,2810000.0
a714,10,50,0.1291549665014884,1,8.68e-06,4.641588833612782e-07,0,2810000.0
a715,10,50,0.0774263682681127,1,8.68e-06,4.641588833612782e-07,0,2810000.0
a716,10,50,0.046415888336127795,1,8.68e-06,4.641588833612782e-07,0,2810000.0
a717,10,50,0.027825594022071257,1,8.68e-06,4.641588833612782e-07,0,2810000.0
a718,10,50,0.016681005372000592,1,8.68e-06,4.641588833612782e-07,0,2810000.0
a719,10,50,0.01,1,8.68e-06,4.641588833612782e-07,0,2810000.0
a720,10,50,1.0,1,8.68e-06,2.1544346900318822e-06,0,2810000.0
a721,10,50,0.599484250318941,1,8.68e-06,2.1544346900318822e-06,0,2810000.0
a722,10,50,0.35938136638046275,1,8.68e-06,2.1544346900318822e-06,0,2810000.0
a723,10,50,0.2154434690031884,1,8.68e-06,2.1544346900318822e-06,0,2810000.0
a724,10,50,0.1291549665014884,1,8.68e-06,2.1544346900318822e-06,0,2810000.0
a725,10,50,0.0774263682681127,1,8.68e-06,2.1544346900318822e-06,0,2810000.0
a726,10,50,0.046415888336127795,1,8.68e-06,2.1544346900318822e-06,0,2810000.0
a727,10,50,0.027825594022071257,1,8.68e-06,2.1544346900318822e-06,0,2810000.0
a728,10,50,0.016681005372000592,1,8.68e-06,2.1544346900318822e-06,0,2810000.0
a729,10,50,0.01,1,8.68e-06,2.1544346900318822e-06,0,2810000.0
a730,10,50,1.0,1,8.68e-06,9.999999999999999e-06,0,2810000.0
a731,10,50,0.599484250318941,1,8.68e-06,9.999999999999999e-06,0,2810000.0
a732,10,50,0.35938136638046275,1,8.68e-06,9.999999999999999e-06,0,2810000.0
a733,10,50,0.2154434690031884,1,8.68e-06,9.999999999999999e-06,0,2810000.0
a734,10,50,0.1291549665014884,1,8.68e-06,9.999999999999999e-06,0,2810000.0
a735,10,50,0.0774263682681127,1,8.68e-06,9.999999999999999e-06,0,2810000.0
a736,10,50,0.046415888336127795,1,8.68e-06,9.999999999999999e-06,0,2810000.0
a737,10,50,0.027825594022071257,1,8.68e-06,9.999999999999999e-06,0,2810000.0
a738,10,50,0.016681005372000592,1,8.68e-06,9.999999999999999e-06,0,2810000.0
a739,10,50,0.01,1,8.68e-06,9.999999999999999e-06,0,2810000.0
a740,10,50,1.0,1,8.68e-06,4.641588833612772e-05,0,2810000.0
a741,10,50,0.599484250318941,1,8.68e-06,4.641588833612772e-05,0,2810000.0
a742,10,50,0.35938136638046275,1,8.68e-06,4.641588833612772e-05,0,2810000.0
a743,10,50,0.2154434690031884,1,8.68e-06,4.641588833612772e-05,0,2810000.0
a744,10,50,0.1291549665014884,1,8.68e-06,4.641588833612772e-05,0,2810000.0
a745,10,50,0.0774263682681127,1,8.68e-06,4.641588833612772e-05,0,2810000.0
a746,10,50,0.046415888336127795,1,8.68e-06,4.641588833612772e-05,0,2810000.0
a747,10,50,0.027825594022071257,1,8.68e-06,4.641588833612772e-05,0,2810000.0
a748,10,50,0.016681005372000592,1,8.68e-06,4.641588833612772e-05,0,2810000.0
a749,10,50,0.01,1,8.68e-06,4.641588833612772e-05,0,2810000.0
a750,10,50,1.0,1,8.68e-06,0.00021544346900318823,0,2810000.0
a751,10,50,0.599484250318941,1,8.68e-06,0.00021544346900318823,0,2810000.0
a752,10,50,0.35938136638046275,1,8.68e-06,0.00021544346900318823,0,2810000.0
a753,10,50,0.2154434690031884,1,8.68e-06,0.00021544346900318823,0,2810000.0
a754,10,50,0.1291549665014884,1,8.68e-06,0.00021544346900318823,0,2810000.0
a755,10,50,0.0774263682681127,1,8.68e-06,0.00021544346900318823,0,2810000.0
a756,10,50,0.046415888336127795,1,8.68e-06,0.00021544346900318823,0,2810000.0
a757,10,50,0.027825594022071257,1,8.68e-06,0.00021544346900318823,0,2810000.0
a758,10,50,0.016681005372000592,1,8.68e-06,0.00021544346900318823,0,2810000.0
a759,10,50,0.01,1,8.68e-06,0.00021544346900318823,0,2810000.0
a760,10,50,1.0,1,8.68e-06,0.001,0,2810000.0
a761,10,50,0.599484250318941,1,8.68e-06,0.001,0,2810000.0
a762,10,50,0.35938136638046275,1,8.68e-06,0.001,0,2810000.0
a763,10,50,0.2154434690031884,1,8.68e-06,0.001,0,2810000.0
a764,10,50,0.1291549665014884,1,8.68e-06,0.001,0,2810000.0
a765,10,50,0.0774263682681127,1,8.68e-06,0.001,0,2810000.0
a766,10,50,0.046415888336127795,1,8.68e-06,0.001,0,2810000.0
a767,10,50,0.027825594022071257,1,8.68e-06,0.001,0,2810000.0
a768,10,50,0.016681005372000592,1,8.68e-06,0.001,0,2810000.0
a769,10,50,0.01,1,8.68e-06,0.001,0,2810000.0
a770,10,50,1.0,1,8.68e-06,0.004641588833612773,0,2810000.0
a771,10,50,0.599484250318941,1,8.68e-06,0.004641588833612773,0,2810000.0
a772,10,50,0.35938136638046275,1,8.68e-06,0.004641588833612773,0,2810000.0
a773,10,50,0.2154434690031884,1,8.68e-06,0.004641588833612773,0,2810000.0
a774,10,50,0.1291549665014884,1,8.68e-06,0.004641588833612773,0,2810000.0
a775,10,50,0.0774263682681127,1,8.68e-06,0.004641588833612773,0,2810000.0
a776,10,50,0.046415888336127795,1,8.68e-06,0.004641588833612773,0,2810000.0
a777,10,50,0.027825594022071257,1,8.68e-06,0.004641588833612773,0,2810000.0
a778,10,50,0.016681005372000592,1,8.68e-06,0.004641588833612773,0,2810000.0
a779,10,50,0.01,1,8.68e-06,0.004641588833612773,0,2810000.0
a780,10,50,1.0,1,8.68e-06,0.021544346900318822,0,2810000.0
a781,10,50,0.599484250318941,1,8.68e-06,0.021544346900318822,0,2810000.0
a782,10,50,0.35938136638046275,1,8.68e-06,0.021544346900318822,0,2810000.0
a783,10,50,0.2154434690031884,1,8.68e-06,0.021544346900318822,0,2810000.0
a784,10,50,0.1291549665014884,1,8.68e-06,0.021544346900318822,0,2810000.0
a785,10,50,0.0774263682681127,1,8.68e-06,0.021544346900318822,0,2810000.0
a786,10,50,0.046415888336127795,1,8.68e-06,0.021544346900318822,0,2810000.0
a787,10,50,0.027825594022071257,1,8.68e-06,0.021544346900318822,0,2810000.0
a788,10,50,0.016681005372000592,1,8.68e-06,0.021544346900318822,0,2810000.0
a789,10,50,0.01,1,8.68e-06,0.021544346900318822,0,2810000.0
a790,10,50,1.0,1,8.68e-06,0.1,0,2810000.0
a791,10,50,0.599484250318941,1,8.68e-06,0.1,0,2810000.0
a792,10,50,0.35938136638046275,1,8.68e-06,0.1,0,2810000.0
a793,10,50,0.2154434690031884,1,8.68e-06,0.1,0,2810000.0
a794,10,50,0.1291549665014884,1,8.68e-06,0.1,0,2810000.0
a795,10,50,0.0774263682681127,1,8.68e-06,0.1,0,2810000.0
a796,10,50,0.046415888336127795,1,8.68e-06,0.1,0,2810000.0
a797,10,50,0.027825594022071257,1,8.68e-06,0.1,0,2810000.0
a798,10,50,0.016681005372000592,1,8.68e-06,0.1,0,2810000.0
a799,10,50,0.01,1,8.68e-06,0.1,0,2810000.0
a800,11,50,1.0,1,2.68e-06,1e-07,0,3980000.0
a801,11,50,0.599484250318941,1,2.68e-06,1e-07,0,3980000.0
a802,11,50,0.35938136638046275,1,2.68e-06,1e-07,0,3980000.0
a803,11,50,0.2154434690031884,1,2.68e-06,1e-07,0,3980000.0
a804,11,50,0.1291549665014884,1,2.68e-06,1e-07,0,3980000.0
a805,11,50,0.0774263682681127,1,2.68e-06,1e-07,0,3980000.0
a806,11,50,0.046415888336127795,1,2.68e-06,1e-07,0,3980000.0
a807,11,50,0.027825594022071257,1,2.68e-06,1e-07,0,3980000.0
a808,11,50,0.016681005372000592,1,2.68e-06,1e-07,0,3980000.0
a809,11,50,0.01,1,2.68e-06,1e-07,0,3980000.0
a810,11,50,1.0,1,2.68e-06,4.641588833612782e-07,0,3980000.0
a811,11,50,0.599484250318941,1,2.68e-06,4.641588833612782e-07,0,3980000.0
a812,11,50,0.35938136638046275,1,2.68e-06,4.641588833612782e-07,0,3980000.0
a813,11,50,0.2154434690031884,1,2.68e-06,4.641588833612782e-07,0,3980000.0
a814,11,50,0.1291549665014884,1,2.68e-06,4.641588833612782e-07,0,3980000.0
a815,11,50,0.0774263682681127,1,2.68e-06,4.641588833612782e-07,0,3980000.0
a816,11,50,0.046415888336127795,1,2.68e-06,4.641588833612782e-07,0,3980000.0
a817,11,50,0.027825594022071257,1,2.68e-06,4.641588833612782e-07,0,3980000.0
a818,11,50,0.016681005372000592,1,2.68e-06,4.641588833612782e-07,0,3980000.0
a819,11,50,0.01,1,2.68e-06,4.641588833612782e-07,0,3980000.0
a820,11,50,1.0,1,2.68e-06,2.1544346900318822e-06,0,3980000.0
a821,11,50,0.599484250318941,1,2.68e-06,2.1544346900318822e-06,0,3980000.0
a822,11,50,0.35938136638046275,1,2.68e-06,2.1544346900318822e-06,0,3980000.0
a823,11,50,0.2154434690031884,1,2.68e-06,2.1544346900318822e-06,0,3980000.0
a824,11,50,0.1291549665014884,1,2.68e-06,2.1544346900318822e-06,0,3980000.0
a825,11,50,0.0774263682681127,1,2.68e-06,2.1544346900318822e-06,0,3980000.0
a826,11,50,0.046415888336127795,1,2.68e-06,2.1544346900318822e-06,0,3980000.0
a827,11,50,0.027825594022071257,1,2.68e-06,2.1544346900318822e-06,0,3980000.0
a828,11,50,0.016681005372000592,1,2.68e-06,2.1544346900318822e-06,0,3980000.0
a829,11,50,0.01,1,2.68e-06,2.1544346900318822e-06,0,3980000.0
a830,11,50,1.0,1,2.68e-06,9.999999999999999e-06,0,3980000.0
a831,11,50,0.599484250318941,1,2.68e-06,9.999999999999999e-06,0,3980000.0
a832,11,50,0.35938136638046275,1,2.68e-06,9.999999999999999e-06,0,3980000.0
a833,11,50,0.2154434690031884,1,2.68e-06,9.999999999999999e-06,0,3980000.0
a834,11,50,0.1291549665014884,1,2.68e-06,9.999999999999999e-06,0,3980000.0
a835,11,50,0.0774263682681127,1,2.68e-06,9.999999999999999e-06,0,3980000.0
a836,11,50,0.046415888336127795,1,2.68e-06,9.999999999999999e-06,0,3980000.0
a837,11,50,0.027825594022071257,1,2.68e-06,9.999999999999999e-06,0,3980000.0
a838,11,50,0.016681005372000592,1,2.68e-06,9.999999999999999e-06,0,3980000.0
a839,11,50,0.01,1,2.68e-06,9.999999999999999e-06,0,3980000.0
a840,11,50,1.0,1,2.68e-06,4.641588833612772e-05,0,3980000.0
a841,11,50,0.599484250318941,1,2.68e-06,4.641588833612772e-05,0,3980000.0
a842,11,50,0.35938136638046275,1,2.68e-06,4.641588833612772e-05,0,3980000.0
a843,11,50,0.2154434690031884,1,2.68e-06,4.641588833612772e-05,0,3980000.0
a844,11,50,0.1291549665014884,1,2.68e-06,4.641588833612772e-05,0,3980000.0
a845,11,50,0.0774263682681127,1,2.68e-06,4.641588833612772e-05,0,3980000.0
a846,11,50,0.046415888336127795,1,2.68e-06,4.641588833612772e-05,0,3980000.0
a847,11,50,0.027825594022071257,1,2.68e-06,4.641588833612772e-05,0,3980000.0
a848,11,50,0.016681005372000592,1,2.68e-06,4.641588833612772e-05,0,3980000.0
a849,11,50,0.01,1,2.68e-06,4.641588833612772e-05,0,3980000.0
a850,11,50,1.0,1,2.68e-06,0.00021544346900318823,0,3980000.0
a851,11,50,0.599484250318941,1,2.68e-06,0.00021544346900318823,0,3980000.0
a852,11,50,0.35938136638046275,1,2.68e-06,0.00021544346900318823,0,3980000.0
a853,11,50,0.2154434690031884,1,2.68e-06,0.00021544346900318823,0,3980000.0
a854,11,50,0.1291549665014884,1,2.68e-06,0.00021544346900318823,0,3980000.0
a855,11,50,0.0774263682681127,1,2.68e-06,0.00021544346900318823,0,3980000.0
a856,11,50,0.046415888336127795,1,2.68e-06,0.00021544346900318823,0,3980000.0
a857,11,50,0.027825594022071257,1,2.68e-06,0.00021544346900318823,0,3980000.0
a858,11,50,0.016681005372000592,1,2.68e-06,0.00021544346900318823,0,3980000.0
a859,11,50,0.01,1,2.68e-06,0.00021544346900318823,0,3980000.0
a860,11,50,1.0,1,2.68e-06,0.001,0,3980000.0
a861,11,50,0.599484250318941,1,2.68e-06,0.001,0,3980000.0
a862,11,50,0.35938136638046275,1,2.68e-06,0.001,0,3980000.0
a863,11,50,0.2154434690031884,1,2.68e-06,0.001,0,3980000.0
a864,11,50,0.1291549665014884,1,2.68e-06,0.001,0,3980000.0
a865,11,50,0.0774263682681127,1,2.68e-06,0.001,0,3980000.0
a866,11,50,0.046415888336127795,1,2.68e-06,0.001,0,3980000.0
a867,11,50,0.027825594022071257,1,2.68e-06,0.001,0,3980000.0
a868,11,50,0.016681005372000592,1,2.68e-06,0.001,0,3980000.0
a869,11,50,0.01,1,2.68e-06,0.001,0,3980000.0
a870,11,50,1.0,1,2.68e-06,0.004641588833612773,0,3980000.0
a871,11,50,0.599484250318941,1,2.68e-06,0.004641588833612773,0,3980000.0
a872,11,50,0.35938136638046275,1,2.68e-06,0.004641588833612773,0,3980000.0
a873,11,50,0.2154434690031884,1,2.68e-06,0.004641588833612773,0,3980000.0
a874,11,50,0.1291549665014884,1,2.68e-06,0.004641588833612773,0,3980000.0
a875,11,50,0.0774263682681127,1,2.68e-06,0.004641588833612773,0,3980000.0
a876,11,50,0.046415888336127795,1,2.68e-06,0.004641588833612773,0,3980000.0
a877,11,50,0.027825594022071257,1,2.68e-06,0.004641588833612773,0,3980000.0
a878,11,50,0.016681005372000592,1,2.68e-06,0.004641588833612773,0,3980000.0
a879,11,50,0.01,1,2.68e-06,0.004641588833612773,0,3980000.0
a880,11,50,1.0,1,2.68e-06,0.021544346900318822,0,3980000.0
a881,11,50,0.599484250318941,1,2.68e-06,0.021544346900318822,0,3980000.0
a882,11,50,0.35938136638046275,1,2.68e-06,0.021544346900318822,0,3980000.0
a883,11,50,0.2154434690031884,1,2.68e-06,0.021544346900318822,0,3980000.0
a884,11,50,0.1291549665014884,1,2.68e-06,0.021544346900318822,0,3980000.0
a885,11,50,0.0774263682681127,1,2.68e-06,0.021544346900318822,0,3980000.0
a886,11,50,0.046415888336127795,1,2.68e-06,0.021544346900318822,0,3980000.0
a887,11,50,0.027825594022071257,1,2.68e-06,0.021544346900318822,0,3980000.0
a888,11,50,0.016681005372000592,1,2.68e-06,0.021544346900318822,0,3980000.0
a889,11,50,0.01,1,2.68e-06,0.021544346900318822,0,3980000.0
a890,11,50,1.0,1,2.68e-06,0.1,0,3980000.0
a891,11,50,0.599484250318941,1,2.68e-06,0.1,0,3980000.0
a892,11,50,0.35938136638046275,1,2.68e-06,0.1,0,3980000.0
a893,11,50,0.2154434690031884,1,2.68e-06,0.1,0,3980000.0
a894,11,50,0.1291549665014884,1,2.68e-06,0.1,0,3980000.0
a895,11,50,0.0774263682681127,1,2.68e-06,0.1,0,3980000.0
a896,11,50,0.046415888336127795,1,2.68e-06,0.1,0,3980000.0
a897,11,50,0.027825594022071257,1,2.68e-06,0.1,0,3980000.0
a898,11,50,0.016681005372000592,1,2.68e-06,0.1,0,3980000.0
a899,11,50,0.01,1,2.68e-06,0.1,0,3980000.0
a900,12,50,1.0,1,2.66e-05,1e-07,0,3310000.0
a901,12,50,0.599484250318941,1,2.66e-05,1e-07,0,3310000.0
a902,12,50,0.35938136638046275,1,2.66e-05,1e-07,0,3310000.0
a903,12,50,0.2154434690031884,1,2.66e-05,1e-07,0,3310000.0
a904,12,50,0.1291549665014884,1,2.66e-05,1e-07,0,3310000.0
a905,12,50,0.0774263682681127,1,2.66e-05,1e-07,0,3310000.0
a906,12,50,0.046415888336127795,1,2.66e-05,1e-07,0,3310000.0
a907,12,50,0.027825594022071257,1,2.66e-05,1e-07,0,3310000.0
a908,12,50,0.016681005372000592,1,2.66e-05,1e-07,0,3310000.0
a909,12,50,0.01,1,2.66e-05,1e-07,0,3310000.0
a910,12,50,1.0,1,2.66e-05,4.641588833612782e-07,0,3310000.0
a911,12,50,0.599484250318941,1,2.66e-05,4.641588833612782e-07,0,3310000.0
a912,12,50,0.35938136638046275,1,2.66e-05,4.641588833612782e-07,0,3310000.0
a913,12,50,0.2154434690031884,1,2.66e-05,4.641588833612782e-07,0,3310000.0
a914,12,50,0.1291549665014884,1,2.66e-05,4.641588833612782e-07,0,3310000.0
a915,12,50,0.0774263682681127,1,2.66e-05,4.641588833612782e-07,0,3310000.0
a916,12,50,0.046415888336127795,1,2.66e-05,4.641588833612782e-07,0,3310000.0
a917,12,50,0.027825594022071257,1,2.66e-05,4.641588833612782e-07,0,3310000.0
a918,12,50,0.016681005372000592,1,2.66e-05,4.641588833612782e-07,0,3310000.0
a919,12,50,0.01,1,2.66e-05,4.641588833612782e-07,0,3310000.0
a920,12,50,1.0,1,2.66e-05,2.1544346900318822e-06,0,3310000.0
a921,12,50,0.599484250318941,1,2.66e-05,2.1544346900318822e-06,0,3310000.0
a922,12,50,0.35938136638046275,1,2.66e-05,2.1544346900318822e-06,0,3310000.0
a923,12,50,0.2154434690031884,1,2.66e-05,2.1544346900318822e-06,0,3310000.0
a924,12,50,0.1291549665014884,1,2.66e-05,2.1544346900318822e-06,0,3310000.0
a925,12,50,0.0774263682681127,1,2.66e-05,2.1544346900318822e-06,0,3310000.0
a926,12,50,0.046415888336127795,1,2.66e-05,2.1544346900318822e-06,0,3310000.0
a927,12,50,0.027825594022071257,1,2.66e-05,2.1544346900318822e-06,0,3310000.0
a928,12,50,0.016681005372000592,1,2.66e-05,2.1544346900318822e-06,0,3310000.0
a929,12,50,0.01,1,2.66e-05,2.1544346900318822e-06,0,3310000.0
a930,12,50,1.0,1,2.66e-05,9.999999999999999e-06,0,3310000.0
a931,12,50,0.599484250318941,1,2.66e-05,9.999999999999999e-06,0,3310000.0
a932,12,50,0.35938136638046275,1,2.66e-05,9.999999999999999e-06,0,3310000.0
a933,12,50,0.2154434690031884,1,2.66e-05,9.999999999999999e-06,0,3310000.0
a934,12,50,0.1291549665014884,1,2.66e-05,9.999999999999999e-06,0,3310000.0
a935,12,50,0.0774263682681127,1,2.66e-05,9.999999999999999e-06,0,3310000.0
a936,12,50,0.046415888336127795,1,2.66e-05,9.999999999999999e-06,0,3310000.0
a937,12,50,0.027825594022071257,1,2.66e-05,9.999999999999999e-06,0,3310000.0
a938,12,50,0.016681005372000592,1,2.66e-05,9.999999999999999e-06,0,3310000.0
a939,12,50,0.01,1,2.66e-05,9.999999999999999e-06,0,3310000.0
a940,12,50,1.0,1,2.66e-05,4.641588833612772e-05,0,3310000.0
a941,12,50,0.599484250318941,1,2.66e-05,4.641588833612772e-05,0,3310000.0
a942,12,50,0.35938136638046275,1,2.66e-05,4.641588833612772e-05,0,3310000.0
a943,12,50,0.2154434690031884,1,2.66e-05,4.641588833612772e-05,0,3310000.0
a944,12,50,0.1291549665014884,1,2.66e-05,4.641588833612772e-05,0,3310000.0
a945,12,50,0.0774263682681127,1,2.66e-05,4.641588833612772e-05,0,3310000.0
a946,12,50,0.046415888336127795,1,2.66e-05,4.641588833612772e-05,0,3310000.0
a947,12,50,0.027825594022071257,1,2.66e-05,4.641588833612772e-05,0,3310000.0
a948,12,50,0.016681005372000592,1,2.66e-05,4.641588833612772e-05,0,3310000.0
a949,12,50,0.01,1,2.66e-05,4.641588833612772e-05,0,3310000.0
a950,12,50,1.0,1,2.66e-05,0.00021544346900318823,0,3310000.0
a951,12,50,0.599484250318941,1,2.66e-05,0.00021544346900318823,0,3310000.0
a952,12,50,0.35938136638046275,1,2.66e-05,0.00021544346900318823,0,3310000.0
a953,12,50,0.2154434690031884,1,2.66e-05,0.00021544346900318823,0,3310000.0
a954,12,50,0.1291549665014884,1,2.66e-05,0.00021544346900318823,0,3310000.0
a955,12,50,0.0774263682681127,1,2.66e-05,0.00021544346900318823,0,3310000.0
a956,12,50,0.046415888336127795,1,2.66e-05,0.00021544346900318823,0,3310000.0
a957,12,50,0.027825594022071257,1,2.66e-05,0.00021544346900318823,0,3310000.0
a958,12,50,0.016681005372000592,1,2.66e-05,0.00021544346900318823,0,3310000.0
a959,12,50,0.01,1,2.66e-05,0.00021544346900318823,0,3310000.0
a960,12,50,1.0,1,2.66e-05,0.001,0,3310000.0
a961,12,50,0.599484250318941,1,2.66e-05,0.001,0,3310000.0
a962,12,50,0.35938136638046275,1,2.66e-05,0.001,0,3310000.0
a963,12,50,0.2154434690031884,1,2.66e-05,0.001,0,3310000.0
a964,12,50,0.1291549665014884,1,2.66e-05,0.001,0,3310000.0
a965,12,50,0.0774263682681127,1,2.66e-05,0.001,0,3310000.0
a966,12,50,0.046415888336127795,1,2.66e-05,0.001,0,3310000.0
a967,12,50,0.027825594022071257,1,2.66e-05,0.001,0,3310000.0
a968,12,50,0.016681005372000592,1,2.66e-05,0.001,0,3310000.0
a969,12,50,0.01,1,2.66e-05,0.001,0,3310000.0
a970,12,50,1.0,1,2.66e-05,0.004641588833612773,0,3310000.0
a971,12,50,0.599484250318941,1,2.66e-05,0.004641588833612773,0,3310000.0
a972,12,50,0.35938136638046275,1,2.66e-05,0.004641588833612773,0,3310000.0
a973,12,50,0.2154434690031884,1,2.66e-05,0.004641588833612773,0,3310000.0
a974,12,50,0.1291549665014884,1,2.66e-05,0.004641588833612773,0,3310000.0
a975,12,50,0.0774263682681127,1,2.66e-05,0.004641588833612773,0,3310000.0
a976,12,50,0.046415888336127795,1,2.66e-05,0.004641588833612773,0,3310000.0
a977,12,50,0.027825594022071257,1,2.66e-05,0.004641588833612773,0,3310000.0
a978,12,50,0.016681005372000592,1,2.66e-05,0.004641588833612773,0,3310000.0
a979,12,50,0.01,1,2.66e-05,0.004641588833612773,0,3310000.0
a980,12,50,1.0,1,2.66e-05,0.021544346900318822,0,3310000.0
a981,12,50,0.599484250318941,1,2.66e-05,0.021544346900318822,0,3310000.0
a982,12,50,0.35938136638046275,1,2.66e-05,0.021544346900318822,0,3310000.0
a983,12,50,0.2154434690031884,1,2.66e-05,0.021544346900318822,0,3310000.0
a984,12,50,0.1291549665014884,1,2.66e-05,0.021544346900318822,0,3310000.0
a985,12,50,0.0774263682681127,1,2.66e-05,0.021544346900318822,0,3310000.0
a986,12,50,0.046415888336127795,1,2.66e-05,0.021544346900318822,0,3310000.0
a987,12,50,0.027825594022071257,1,2.66e-05,0.021544346900318822,0,3310000.0
a988,12,50,0.016681005372000592,1,2.66e-05,0.021544346900318822,0,3310000.0
a989,12,50,0.01,1,2.66e-05,0.021544346900318822,0,3310000.0
a990,12,50,1.0,1,2.66e-05,0.1,0,3310000.0
a991,12,50,0.599484250318941,1,2.66e-05,0.1,0,3310000.0
a992,12,50,0.35938136638046275,1,2.66e-05,0.1,0,3310000.0
a993,12,50,0.2154434690031884,1,2.66e-05,0.1,0,3310000.0
a994,12,50,0.1291549665014884,1,2.66e-05,0.1,0,3310000.0
a995,12,50,0.0774263682681127,1,2.66e-05,0.1,0,3310000.0
a996,12,50,0.046415888336127795,1,2.66e-05,0.1,0,3310000.0
a997,12,50,0.027825594022071257,1,2.66e-05,0.1,0,3310000.0
a998,12,50,0.016681005372000592,1,2.66e-05,0.1,0,3310000.0
a999,12,50,0.01,1,2.66e-05,0.1,0,3310000.0
a1000,13,50,1.0,1,3.44e-06,1e-07,0,508000.0
a1001,13,50,0.599484250318941,1,3.44e-06,1e-07,0,508000.0
a1002,13,50,0.35938136638046275,1,3.44e-06,1e-07,0,508000.0
a1003,13,50,0.2154434690031884,1,3.44e-06,1e-07,0,508000.0
a1004,13,50,0.1291549665014884,1,3.44e-06,1e-07,0,508000.0
a1005,13,50,0.0774263682681127,1,3.44e-06,1e-07,0,508000.0
a1006,13,50,0.046415888336127795,1,3.44e-06,1e-07,0,508000.0
a1007,13,50,0.027825594022071257,1,3.44e-06,1e-07,0,508000.0
a1008,13,50,0.016681005372000592,1,3.44e-06,1e-07,0,508000.0
a1009,13,50,0.01,1,3.44e-06,1e-07,0,508000.0
a1010,13,50,1.0,1,3.44e-06,4.641588833612782e-07,0,508000.0
a1011,13,50,0.599484250318941,1,3.44e-06,4.641588833612782e-07,0,508000.0
a1012,13,50,0.35938136638046275,1,3.44e-06,4.641588833612782e-07,0,508000.0
a1013,13,50,0.2154434690031884,1,3.44e-06,4.641588833612782e-07,0,508000.0
a1014,13,50,0.1291549665014884,1,3.44e-06,4.641588833612782e-07,0,508000.0
a1015,13,50,0.0774263682681127,1,3.44e-06,4.641588833612782e-07,0,508000.0
a1016,13,50,0.046415888336127795,1,3.44e-06,4.641588833612782e-07,0,508000.0
a1017,13,50,0.027825594022071257,1,3.44e-06,4.641588833612782e-07,0,508000.0
a1018,13,50,0.016681005372000592,1,3.44e-06,4.641588833612782e-07,0,508000.0
a1019,13,50,0.01,1,3.44e-06,4.641588833612782e-07,0,508000.0
a1020,13,50,1.0,1,3.44e-06,2.1544346900318822e-06,0,508000.0
a1021,13,50,0.599484250318941,1,3.44e-06,2.1544346900318822e-06,0,508000.0
a1022,13,50,0.35938136638046275,1,3.44e-06,2.1544346900318822e-06,0,508000.0
a1023,13,50,0.2154434690031884,1,3.44e-06,2.1544346900318822e-06,0,508000.0
a1024,13,50,0.1291549665014884,1,3.44e-06,2.1544346900318822e-06,0,508000.0
a1025,13,50,0.0774263682681127,1,3.44e-06,2.1544346900318822e-06,0,508000.0
a1026,13,50,0.046415888336127795,1,3.44e-06,2.1544346900318822e-06,0,508000.0
a1027,13,50,0.027825594022071257,1,3.44e-06,2.1544346900318822e-06,0,508000.0
a1028,13,50,0.016681005372000592,1,3.44e-06,2.1544346900318822e-06,0,508000.0
a1029,13,50,0.01,1,3.44e-06,2.1544346900318822e-06,0,508000.0
a1030,13,50,1.0,1,3.44e-06,9.999999999999999e-06,0,508000.0
a1031,13,50,0.599484250318941,1,3.44e-06,9.999999999999999e-06,0,508000.0
a1032,13,50,0.35938136638046275,1,3.44e-06,9.999999999999999e-06,0,508000.0
a1033,13,50,0.2154434690031884,1,3.44e-06,9.999999999999999e-06,0,508000.0
a1034,13,50,0.1291549665014884,1,3.44e-06,9.999999999999999e-06,0,508000.0
a1035,13,50,0.0774263682681127,1,3.44e-06,9.999999999999999e-06,0,508000.0
a1036,13,50,0.046415888336127795,1,3.44e-06,9.999999999999999e-06,0,508000.0
a1037,13,50,0.027825594022071257,1,3.44e-06,9.999999999999999e-06,0,508000.0
a1038,13,50,0.016681005372000592,1,3.44e-06,9.999999999999999e-06,0,508000.0
a1039,13,50,0.01,1,3.44e-06,9.999999999999999e-06,0,508000.0
a1040,13,50,1.0,1,3.44e-06,4.641588833612772e-05,0,508000.0
a1041,13,50,0.599484250318941,1,3.44e-06,4.641588833612772e-05,0,508000.0
a1042,13,50,0.35938136638046275,1,3.44e-06,4.641588833612772e-05,0,508000.0
a1043,13,50,0.2154434690031884,1,3.44e-06,4.641588833612772e-05,0,508000.0
a1044,13,50,0.1291549665014884,1,3.44e-06,4.641588833612772e-05,0,508000.0
a1045,13,50,0.0774263682681127,1,3.44e-06,4.641588833612772e-05,0,508000.0
a1046,13,50,0.046415888336127795,1,3.44e-06,4.641588833612772e-05,0,508000.0
a1047,13,50,0.027825594022071257,1,3.44e-06,4.641588833612772e-05,0,508000.0
a1048,13,50,0.016681005372000592,1,3.44e-06,4.641588833612772e-05,0,508000.0
a1049,13,50,0.01,1,3.44e-06,4.641588833612772e-05,0,508000.0
a1050,13,50,1.0,1,3.44e-06,0.00021544346900318823,0,508000.0
a1051,13,50,0.599484250318941,1,3.44e-06,0.00021544346900318823,0,508000.0
a1052,13,50,0.35938136638046275,1,3.44e-06,0.00021544346900318823,0,508000.0
a1053,13,50,0.2154434690031884,1,3.44e-06,0.00021544346900318823,0,508000.0
a1054,13,50,0.1291549665014884,1,3.44e-06,0.00021544346900318823,0,508000.0
a1055,13,50,0.0774263682681127,1,3.44e-06,0.00021544346900318823,0,508000.0
a1056,13,50,0.046415888336127795,1,3.44e-06,0.00021544346900318823,0,508000.0
a1057,13,50,0.027825594022071257,1,3.44e-06,0.00021544346900318823,0,508000.0
a1058,13,50,0.016681005372000592,1,3.44e-06,0.00021544346900318823,0,508000.0
a1059,13,50,0.01,1,3.44e-06,0.00021544346900318823,0,508000.0
a1060,13,50,1.0,1,3.44e-06,0.001,0,508000.0
a1061,13,50,0.599484250318941,1,3.44e-06,0.001,0,508000.0
a1062,13,50,0.35938136638046275,1,3.44e-06,0.001,0,508000.0
a1063,13,50,0.2154434690031884,1,3.44e-06,0.001,0,508000.0
a1064,13,50,0.1291549665014884,1,3.44e-06,0.001,0,508000.0
a1065,13,50,0.0774263682681127,1,3.44e-06,0.001,0,508000.0
a1066,13,50,0.046415888336127795,1,3.44e-06,0.001,0,508000.0
a1067,13,50,0.027825594022071257,1,3.44e-06,0.001,0,508000.0
a1068,13,50,0.016681005372000592,1,3.44e-06,0.001,0,508000.0
a1069,13,50,0.01,1,3.44e-06,0.001,0,508000.0
a1070,13,50,1.0,1,3.44e-06,0.004641588833612773,0,508000.0
a1071,13,50,0.599484250318941,1,3.44e-06,0.004641588833612773,0,508000.0
a1072,13,50,0.35938136638046275,1,3.44e-06,0.004641588833612773,0,508000.0
a1073,13,50,0.2154434690031884,1,3.44e-06,0.004641588833612773,0,508000.0
a1074,13,50,0.1291549665014884,1,3.44e-06,0.004641588833612773,0,508000.0
a1075,13,50,0.0774263682681127,1,3.44e-06,0.004641588833612773,0,508000.0
a1076,13,50,0.046415888336127795,1,3.44e-06,0.004641588833612773,0,508000.0
a1077,13,50,0.027825594022071257,1,3.44e-06,0.004641588833612773,0,508000.0
a1078,13,50,0.016681005372000592,1,3.44e-06,0.004641588833612773,0,508000.0
a1079,13,50,0.01,1,3.44e-06,0.004641588833612773,0,508000.0
a1080,13,50,1.0,1,3.44e-06,0.021544346900318822,0,508000.0
a1081,13,50,0.599484250318941,1,3.44e-06,0.021544346900318822,0,508000.0
a1082,13,50,0.35938136638046275,1,3.44e-06,0.021544346900318822,0,508000.0
a1083,13,50,0.2154434690031884,1,3.44e-06,0.021544346900318822,0,508000.0
a1084,13,50,0.1291549665014884,1,3.44e-06,0.021544346900318822,0,508000.0
a1085,13,50,0.0774263682681127,1,3.44e-06,0.021544346900318822,0,508000.0
a1086,13,50,0.046415888336127795,1,3.44e-06,0.021544346900318822,0,508000.0
a1087,13,50,0.027825594022071257,1,3.44e-06,0.021544346900318822,0,508000.0
a1088,13,50,0.016681005372000592,1,3.44e-06,0.021544346900318822,0,508000.0
a1089,13,50,0.01,1,3.44e-06,0.021544346900318822,0,508000.0
a1090,13,50,1.0,1,3.44e-06,0.1,0,508000.0
a1091,13,50,0.599484250318941,1,3.44e-06,0.1,0,508000.0
a1092,13,50,0.35938136638046275,1,3.44e-06,0.1,0,508000.0
a1093,13,50,0.2154434690031884,1,3.44e-06,0.1,0,508000.0
a1094,13,50,0.1291549665014884,1,3.44e-06,0.1,0,508000.0
a1095,13,50,0.0774263682681127,1,3.44e-06,0.1,0,508000.0
a1096,13,50,0.046415888336127795,1,3.44e-06,0.1,0,508000.0
a1097,13,50,0.027825594022071257,1,3.44e-06,0.1,0,508000.0
a1098,13,50,0.016681005372000592,1,3.44e-06,0.1,0,508000.0
a1099,13,50,0.01,1,3.44e-06,0.1,0,508000.0
a1100,14,50,1.0,1,3.78e-06,1e-07,0,3030000.0
a1101,14,50,0.599484250318941,1,3.78e-06,1e-07,0,3030000.0
a1102,14,50,0.35938136638046275,1,3.78e-06,1e-07,0,3030000.0
a1103,14,50,0.2154434690031884,1,3.78e-06,1e-07,0,3030000.0
a1104,14,50,0.1291549665014884,1,3.78e-06,1e-07,0,3030000.0
a1105,14,50,0.0774263682681127,1,3.78e-06,1e-07,0,3030000.0
a1106,14,50,0.046415888336127795,1,3.78e-06,1e-07,0,3030000.0
a1107,14,50,0.027825594022071257,1,3.78e-06,1e-07,0,3030000.0
a1108,14,50,0.016681005372000592,1,3.78e-06,1e-07,0,3030000.0
a1109,14,50,0.01,1,3.78e-06,1e-07,0,3030000.0
a1110,14,50,1.0,1,3.78e-06,4.641588833612782e-07,0,3030000.0
a1111,14,50,0.599484250318941,1,3.78e-06,4.641588833612782e-07,0,3030000.0
a1112,14,50,0.35938136638046275,1,3.78e-06,4.641588833612782e-07,0,3030000.0
a1113,14,50,0.2154434690031884,1,3.78e-06,4.641588833612782e-07,0,3030000.0
a1114,14,50,0.1291549665014884,1,3.78e-06,4.641588833612782e-07,0,3030000.0
a1115,14,50,0.0774263682681127,1,3.78e-06,4.641588833612782e-07,0,3030000.0
a1116,14,50,0.046415888336127795,1,3.78e-06,4.641588833612782e-07,0,3030000.0
a1117,14,50,0.027825594022071257,1,3.78e-06,4.641588833612782e-07,0,3030000.0
a1118,14,50,0.016681005372000592,1,3.78e-06,4.641588833612782e-07,0,3030000.0
a1119,14,50,0.01,1,3.78e-06,4.641588833612782e-07,0,3030000.0
a1120,14,50,1.0,1,3.78e-06,2.1544346900318822e-06,0,3030000.0
a1121,14,50,0.599484250318941,1,3.78e-06,2.1544346900318822e-06,0,3030000.0
a1122,14,50,0.35938136638046275,1,3.78e-06,2.1544346900318822e-06,0,3030000.0
a1123,14,50,0.2154434690031884,1,3.78e-06,2.1544346900318822e-06,0,3030000.0
a1124,14,50,0.1291549665014884,1,3.78e-06,2.1544346900318822e-06,0,3030000.0
a1125,14,50,0.0774263682681127,1,3.78e-06,2.1544346900318822e-06,0,3030000.0
a1126,14,50,0.046415888336127795,1,3.78e-06,2.1544346900318822e-06,0,3030000.0
a1127,14,50,0.027825594022071257,1,3.78e-06,2.1544346900318822e-06,0,3030000.0
a1128,14,50,0.016681005372000592,1,3.78e-06,2.1544346900318822e-06,0,3030000.0
a1129,14,50,0.01,1,3.78e-06,2.1544346900318822e-06,0,3030000.0
a1130,14,50,1.0,1,3.78e-06,9.999999999999999e-06,0,3030000.0
a1131,14,50,0.599484250318941,1,3.78e-06,9.999999999999999e-06,0,3030000.0
a1132,14,50,0.35938136638046275,1,3.78e-06,9.999999999999999e-06,0,3030000.0
a1133,14,50,0.2154434690031884,1,3.78e-06,9.999999999999999e-06,0,3030000.0
a1134,14,50,0.1291549665014884,1,3.78e-06,9.999999999999999e-06,0,3030000.0
a1135,14,50,0.0774263682681127,1,3.78e-06,9.999999999999999e-06,0,3030000.0
a1136,14,50,0.046415888336127795,1,3.78e-06,9.999999999999999e-06,0,3030000.0
a1137,14,50,0.027825594022071257,1,3.78e-06,9.999999999999999e-06,0,3030000.0
a1138,14,50,0.016681005372000592,1,3.78e-06,9.999999999999999e-06,0,3030000.0
a1139,14,50,0.01,1,3.78e-06,9.999999999999999e-06,0,3030000.0
a1140,14,50,1.0,1,3.78e-06,4.641588833612772e-05,0,3030000.0
a1141,14,50,0.599484250318941,1,3.78e-06,4.641588833612772e-05,0,3030000.0
a1142,14,50,0.35938136638046275,1,3.78e-06,4.641588833612772e-05,0,3030000.0
a1143,14,50,0.2154434690031884,1,3.78e-06,4.641588833612772e-05,0,3030000.0
a1144,14,50,0.1291549665014884,1,3.78e-06,4.641588833612772e-05,0,3030000.0
a1145,14,50,0.0774263682681127,1,3.78e-06,4.641588833612772e-05,0,3030000.0
a1146,14,50,0.046415888336127795,1,3.78e-06,4.641588833612772e-05,0,3030000.0
a1147,14,50,0.027825594022071257,1,3.78e-06,4.641588833612772e-05,0,3030000.0
a1148,14,50,0.016681005372000592,1,3.78e-06,4.641588833612772e-05,0,3030000.0
a1149,14,50,0.01,1,3.78e-06,4.641588833612772e-05,0,3030000.0
a1150,14,50,1.0,1,3.78e-06,0.00021544346900318823,0,3030000.0
a1151,14,50,0.599484250318941,1,3.78e-06,0.00021544346900318823,0,3030000.0
a1152,14,50,0.35938136638046275,1,3.78e-06,0.00021544346900318823,0,3030000.0
a1153,14,50,0.2154434690031884,1,3.78e-06,0.00021544346900318823,0,3030000.0
a1154,14,50,0.1291549665014884,1,3.78e-06,0.00021544346900318823,0,3030000.0
a1155,14,50,0.0774263682681127,1,3.78e-06,0.00021544346900318823,0,3030000.0
a1156,14,50,0.046415888336127795,1,3.78e-06,0.00021544346900318823,0,3030000.0
a1157,14,50,0.027825594022071257,1,3.78e-06,0.00021544346900318823,0,3030000.0
a1158,14,50,0.016681005372000592,1,3.78e-06,0.00021544346900318823,0,3030000.0
a1159,14,50,0.01,1,3.78e-06,0.00021544346900318823,0,3030000.0
a1160,14,50,1.0,1,3.78e-06,0.001,0,3030000.0
a1161,14,50,0.599484250318941,1,3.78e-06,0.001,0,3030000.0
a1162,14,50,0.35938136638046275,1,3.78e-06,0.001,0,3030000.0
a1163,14,50,0.2154434690031884,1,3.78e-06,0.001,0,3030000.0
a1164,14,50,0.1291549665014884,1,3.78e-06,0.001,0,3030000.0
a1165,14,50,0.0774263682681127,1,3.78e-06,0.001,0,3030000.0
a1166,14,50,0.046415888336127795,1,3.78e-06,0.001,0,3030000.0
a1167,14,50,0.027825594022071257,1,3.78e-06,0.001,0,3030000.0
a1168,14,50,0.016681005372000592,1,3.78e-06,0.001,0,3030000.0
a1169,14,50,0.01,1,3.78e-06,0.001,0,3030000.0
a1170,14,50,1.0,1,3.78e-06,0.004641588833612773,0,3030000.0
a1171,14,50,0.599484250318941,1,3.78e-06,0.004641588833612773,0,3030000.0
a1172,14,50,0.35938136638046275,1,3.78e-06,0.004641588833612773,0,3030000.0
a1173,14,50,0.2154434690031884,1,3.78e-06,0.004641588833612773,0,3030000.0
a1174,14,50,0.1291549665014884,1,3.78e-06,0.004641588833612773,0,3030000.0
a1175,14,50,0.0774263682681127,1,3.78e-06,0.004641588833612773,0,3030000.0
a1176,14,50,0.046415888336127795,1,3.78e-06,0.004641588833612773,0,3030000.0
a1177,14,50,0.027825594022071257,1,3.78e-06,0.004641588833612773,0,3030000.0
a1178,14,50,0.016681005372000592,1,3.78e-06,0.004641588833612773,0,3030000.0
a1179,14,50,0.01,1,3.78e-06,0.004641588833612773,0,3030000.0
a1180,14,50,1.0,1,3.78e-06,0.021544346900318822,0,3030000.0
a1181,14,50,0.599484250318941,1,3.78e-06,0.021544346900318822,0,3030000.0
a1182,14,50,0.35938136638046275,1,3.78e-06,0.021544346900318822,0,3030000.0
a1183,14,50,0.2154434690031884,1,3.78e-06,0.021544346900318822,0,3030000.0
a1184,14,50,0.1291549665014884,1,3.78e-06,0.021544346900318822,0,3030000.0
a1185,14,50,0.0774263682681127,1,3.78e-06,0.021544346900318822,0,3030000.0
a1186,14,50,0.046415888336127795,1,3.78e-06,0.021544346900318822,0,3030000.0
a1187,14,50,0.027825594022071257,1,3.78e-06,0.021544346900318822,0,3030000.0
a1188,14,50,0.016681005372000592,1,3.78e-06,0.021544346900318822,0,3030000.0
a1189,14,50,0.01,1,3.78e-06,0.021544346900318822,0,3030000.0
a1190,14,50,1.0,1,3.78e-06,0.1,0,3030000.0
a1191,14,50,0.599484250318941,1,3.78e-06,0.1,0,3030000.0
a1192,14,50,0.35938136638046275,1,3.78e-06,0.1,0,3030000.0
a1193,14,50,0.2154434690031884,1,3.78e-06,0.1,0,3030000.0
a1194,14,50,0.1291549665014884,1,3.78e-06,0.1,0,3030000.0
a1195,14,50,0.0774263682681127,1,3.78e-06,0.1,0,3030000.0
a1196,14,50,0.046415888336127795,1,3.78e-06,0.1,0,3030000.0
a1197,14,50,0.027825594022071257,1,3.78e-06,0.1,0,3030000.0
a1198,14,50,0.016681005372000592,1,3.78e-06,0.1,0,3030000.0
a1199,14,50,0.01,1,3.78e-06,0.1,0,3030000.0
a1200,15,50,1.0,1,6.06e-06,1e-07,0,2260000.0
a1201,15,50,0.599484250318941,1,6.06e-06,1e-07,0,2260000.0
a1202,15,50,0.35938136638046275,1,6.06e-06,1e-07,0,2260000.0
a1203,15,50,0.2154434690031884,1,6.06e-06,1e-07,0,2260000.0
a1204,15,50,0.1291549665014884,1,6.06e-06,1e-07,0,2260000.0
a1205,15,50,0.0774263682681127,1,6.06e-06,1e-07,0,2260000.0
a1206,15,50,0.046415888336127795,1,6.06e-06,1e-07,0,2260000.0
a1207,15,50,0.027825594022071257,1,6.06e-06,1e-07,0,2260000.0
a1208,15,50,0.016681005372000592,1,6.06e-06,1e-07,0,2260000.0
a1209,15,50,0.01,1,6.06e-06,1e-07,0,2260000.0
a1210,15,50,1.0,1,6.06e-06,4.641588833612782e-07,0,2260000.0
a1211,15,50,0.599484250318941,1,6.06e-06,4.641588833612782e-07,0,2260000.0
a1212,15,50,0.35938136638046275,1,6.06e-06,4.641588833612782e-07,0,2260000.0
a1213,15,50,0.2154434690031884,1,6.06e-06,4.641588833612782e-07,0,2260000.0
a1214,15,50,0.1291549665014884,1,6.06e-06,4.641588833612782e-07,0,2260000.0
a1215,15,50,0.0774263682681127,1,6.06e-06,4.641588833612782e-07,0,2260000.0
a1216,15,50,0.046415888336127795,1,6.06e-06,4.641588833612782e-07,0,2260000.0
a1217,15,50,0.027825594022071257,1,6.06e-06,4.641588833612782e-07,0,2260000.0
a1218,15,50,0.016681005372000592,1,6.06e-06,4.641588833612782e-07,0,2260000.0
a1219,15,50,0.01,1,6.06e-06,4.641588833612782e-07,0,2260000.0
a1220,15,50,1.0,1,6.06e-06,2.1544346900318822e-06,0,2260000.0
a1221,15,50,0.599484250318941,1,6.06e-06,2.1544346900318822e-06,0,2260000.0
a1222,15,50,0.35938136638046275,1,6.06e-06,2.1544346900318822e-06,0,2260000.0
a1223,15,50,0.2154434690031884,1,6.06e-06,2.1544346900318822e-06,0,2260000.0
a1224,15,50,0.1291549665014884,1,6.06e-06,2.1544346900318822e-06,0,2260000.0
a1225,15,50,0.0774263682681127,1,6.06e-06,2.1544346900318822e-06,0,2260000.0
a1226,15,50,0.046415888336127795,1,6.06e-06,2.1544346900318822e-06,0,2260000.0
a1227,15,50,0.027825594022071257,1,6.06e-06,2.1544346900318822e-06,0,2260000.0
a1228,15,50,0.016681005372000592,1,6.06e-06,2.1544346900318822e-06,0,2260000.0
a1229,15,50,0.01,1,6.06e-06,2.1544346900318822e-06,0,2260000.0
a1230,15,50,1.0,1,6.06e-06,9.999999999999999e-06,0,2260000.0
a1231,15,50,0.599484250318941,1,6.06e-06,9.999999999999999e-06,0,2260000.0
a1232,15,50,0.35938136638046275,1,6.06e-06,9.999999999999999e-06,0,2260000.0
a1233,15,50,0.2154434690031884,1,6.06e-06,9.999999999999999e-06,0,2260000.0
a1234,15,50,0.1291549665014884,1,6.06e-06,9.999999999999999e-06,0,2260000.0
a1235,15,50,0.0774263682681127,1,6.06e-06,9.999999999999999e-06,0,2260000.0
a1236,15,50,0.046415888336127795,1,6.06e-06,9.999999999999999e-06,0,2260000.0
a1237,15,50,0.027825594022071257,1,6.06e-06,9.999999999999999e-06,0,2260000.0
a1238,15,50,0.016681005372000592,1,6.06e-06,9.999999999999999e-06,0,2260000.0
a1239,15,50,0.01,1,6.06e-06,9.999999999999999e-06,0,2260000.0
a1240,15,50,1.0,1,6.06e-06,4.641588833612772e-05,0,2260000.0
a1241,15,50,0.599484250318941,1,6.06e-06,4.641588833612772e-05,0,2260000.0
a1242,15,50,0.35938136638046275,1,6.06e-06,4.641588833612772e-05,0,2260000.0
a1243,15,50,0.2154434690031884,1,6.06e-06,4.641588833612772e-05,0,2260000.0
a1244,15,50,0.1291549665014884,1,6.06e-06,4.641588833612772e-05,0,2260000.0
a1245,15,50,0.0774263682681127,1,6.06e-06,4.641588833612772e-05,0,2260000.0
a1246,15,50,0.046415888336127795,1,6.06e-06,4.641588833612772e-05,0,2260000.0
a1247,15,50,0.027825594022071257,1,6.06e-06,4.641588833612772e-05,0,2260000.0
a1248,15,50,0.016681005372000592,1,6.06e-06,4.641588833612772e-05,0,2260000.0
a1249,15,50,0.01,1,6.06e-06,4.641588833612772e-05,0,2260000.0
a1250,15,50,1.0,1,6.06e-06,0.00021544346900318823,0,2260000.0
a1251,15,50,0.599484250318941,1,6.06e-06,0.00021544346900318823,0,2260000.0
a1252,15,50,0.35938136638046275,1,6.06e-06,0.00021544346900318823,0,2260000.0
a1253,15,50,0.2154434690031884,1,6.06e-06,0.00021544346900318823,0,2260000.0
a1254,15,50,0.1291549665014884,1,6.06e-06,0.00021544346900318823,0,2260000.0
a1255,15,50,0.0774263682681127,1,6.06e-06,0.00021544346900318823,0,2260000.0
a1256,15,50,0.046415888336127795,1,6.06e-06,0.00021544346900318823,0,2260000.0
a1257,15,50,0.027825594022071257,1,6.06e-06,0.00021544346900318823,0,2260000.0
a1258,15,50,0.016681005372000592,1,6.06e-06,0.00021544346900318823,0,2260000.0
a1259,15,50,0.01,1,6.06e-06,0.00021544346900318823,0,2260000.0
a1260,15,50,1.0,1,6.06e-06,0.001,0,2260000.0
a1261,15,50,0.599484250318941,1,6.06e-06,0.001,0,2260000.0
a1262,15,50,0.35938136638046275,1,6.06e-06,0.001,0,2260000.0
a1263,15,50,0.2154434690031884,1,6.06e-06,0.001,0,2260000.0
a1264,15,50,0.1291549665014884,1,6.06e-06,0.001,0,2260000.0
a1265,15,50,0.0774263682681127,1,6.06e-06,0.001,0,2260000.0
a1266,15,50,0.046415888336127795,1,6.06e-06,0.001,0,2260000.0
a1267,15,50,0.027825594022071257,1,6.06e-06,0.001,0,2260000.0
a1268,15,50,0.016681005372000592,1,6.06e-06,0.001,0,2260000.0
a1269,15,50,0.01,1,6.06e-06,0.001,0,2260000.0
a1270,15,50,1.0,1,6.06e-06,0.004641588833612773,0,2260000.0
a1271,15,50,0.599484250318941,1,6.06e-06,0.004641588833612773,0,2260000.0
a1272,15,50,0.35938136638046275,1,6.06e-06,0.004641588833612773,0,2260000.0
a1273,15,50,0.2154434690031884,1,6.06e-06,0.004641588833612773,0,2260000.0
a1274,15,50,0.1291549665014884,1,6.06e-06,0.004641588833612773,0,2260000.0
a1275,15,50,0.0774263682681127,1,6.06e-06,0.004641588833612773,0,2260000.0
a1276,15,50,0.046415888336127795,1,6.06e-06,0.004641588833612773,0,2260000.0
a1277,15,50,0.027825594022071257,1,6.06e-06,0.004641588833612773,0,2260000.0
a1278,15,50,0.016681005372000592,1,6.06e-06,0.004641588833612773,0,2260000.0
a1279,15,50,0.01,1,6.06e-06,0.004641588833612773,0,2260000.0
a1280,15,50,1.0,1,6.06e-06,0.021544346900318822,0,2260000.0
a1281,15,50,0.599484250318941,1,6.06e-06,0.021544346900318822,0,2260000.0
a1282,15,50,0.35938136638046275,1,6.06e-06,0.021544346900318822,0,2260000.0
a1283,15,50,0.2154434690031884,1,6.06e-06,0.021544346900318822,0,2260000.0
a1284,15,50,0.1291549665014884,1,6.06e-06,0.021544346900318822,0,2260000.0
a1285,15,50,0.0774263682681127,1,6.06e-06,0.021544346900318822,0,2260000.0
a1286,15,50,0.046415888336127795,1,6.06e-06,0.021544346900318822,0,2260000.0
a1287,15,50,0.027825594022071257,1,6.06e-06,0.021544346900318822,0,2260000.0
a1288,15,50,0.016681005372000592,1,6.06e-06,0.021544346900318822,0,2260000.0
a1289,15,50,0.01,1,6.06e-06,0.021544346900318822,0,2260000.0
a1290,15,50,1.0,1,6.06e-06,0.1,0,2260000.0
a1291,15,50,0.599484250318941,1,6.06e-06,0.1,0,2260000.0
a1292,15,50,0.35938136638046275,1,6.06e-06,0.1,0,2260000.0
a1293,15,50,0.2154434690031884,1,6.06e-06,0.1,0,2260000.0
a1294,15,50,0.1291549665014884,1,6.06e-06,0.1,0,2260000.0
a1295,15,50,0.0774263682681127,1,6.06e-06,0.1,0,2260000.0
a1296,15,50,0.046415888336127795,1,6.06e-06,0.1,0,2260000.0
a1297,15,50,0.027825594022071257,1,6.06e-06,0.1,0,2260000.0
a1298,15,50,0.016681005372000592,1,6.06e-06,0.1,0,2260000.0
a1299,15,50,0.01,1,6.06e-06,0.1,0,2260000.0
a1300,16,50,1.0,1,4.8e-06,1e-07,0,2520000.0
a1301,16,50,0.599484250318941,1,4.8e-06,1e-07,0,2520000.0
a1302,16,50,0.35938136638046275,1,4.8e-06,1e-07,0,2520000.0
a1303,16,50,0.2154434690031884,1,4.8e-06,1e-07,0,2520000.0
a1304,16,50,0.1291549665014884,1,4.8e-06,1e-07,0,2520000.0
a1305,16,50,0.0774263682681127,1,4.8e-06,1e-07,0,2520000.0
a1306,16,50,0.046415888336127795,1,4.8e-06,1e-07,0,2520000.0
a1307,16,50,0.027825594022071257,1,4.8e-06,1e-07,0,2520000.0
a1308,16,50,0.016681005372000592,1,4.8e-06,1e-07,0,2520000.0
a1309,16,50,0.01,1,4.8e-06,1e-07,0,2520000.0
a1310,16,50,1.0,1,4.8e-06,4.641588833612782e-07,0,2520000.0
a1311,16,50,0.599484250318941,1,4.8e-06,4.641588833612782e-07,0,2520000.0
a1312,16,50,0.35938136638046275,1,4.8e-06,4.641588833612782e-07,0,2520000.0
a1313,16,50,0.2154434690031884,1,4.8e-06,4.641588833612782e-07,0,2520000.0
a1314,16,50,0.1291549665014884,1,4.8e-06,4.641588833612782e-07,0,2520000.0
a1315,16,50,0.0774263682681127,1,4.8e-06,4.641588833612782e-07,0,2520000.0
a1316,16,50,0.046415888336127795,1,4.8e-06,4.641588833612782e-07,0,2520000.0
a1317,16,50,0.027825594022071257,1,4.8e-06,4.641588833612782e-07,0,2520000.0
a1318,16,50,0.016681005372000592,1,4.8e-06,4.641588833612782e-07,0,2520000.0
a1319,16,50,0.01,1,4.8e-06,4.641588833612782e-07,0,2520000.0
a1320,16,50,1.0,1,4.8e-06,2.1544346900318822e-06,0,2520000.0
a1321,16,50,0.599484250318941,1,4.8e-06,2.1544346900318822e-06,0,2520000.0
a1322,16,50,0.35938136638046275,1,4.8e-06,2.1544346900318822e-06,0,2520000.0
a1323,16,50,0.2154434690031884,1,4.8e-06,2.1544346900318822e-06,0,2520000.0
a1324,16,50,0.1291549665014884,1,4.8e-06,2.1544346900318822e-06,0,2520000.0
a1325,16,50,0.0774263682681127,1,4.8e-06,2.1544346900318822e-06,0,2520000.0
a1326,16,50,0.046415888336127795,1,4.8e-06,2.1544346900318822e-06,0,2520000.0
a1327,16,50,0.027825594022071257,1,4.8e-06,2.1544346900318822e-06,0,2520000.0
a1328,16,50,0.016681005372000592,1,4.8e-06,2.1544346900318822e-06,0,2520000.0
a1329,16,50,0.01,1,4.8e-06,2.1544346900318822e-06,0,2520000.0
a1330,16,50,1.0,1,4.8e-06,9.999999999999999e-06,0,2520000.0
a1331,16,50,0.599484250318941,1,4.8e-06,9.999999999999999e-06,0,2520000.0
a1332,16,50,0.35938136638046275,1,4.8e-06,9.999999999999999e-06,0,2520000.0
a1333,16,50,0.2154434690031884,1,4.8e-06,9.999999999999999e-06,0,2520000.0
a1334,16,50,0.1291549665014884,1,4.8e-06,9.999999999999999e-06,0,2520000.0
a1335,16,50,0.0774263682681127,1,4.8e-06,9.999999999999999e-06,0,2520000.0
a1336,16,50,0.046415888336127795,1,4.8e-06,9.999999999999999e-06,0,2520000.0
a1337,16,50,0.027825594022071257,1,4.8e-06,9.999999999999999e-06,0,2520000.0
a1338,16,50,0.016681005372000592,1,4.8e-06,9.999999999999999e-06,0,2520000.0
a1339,16,50,0.01,1,4.8e-06,9.999999999999999e-06,0,2520000.0
a1340,16,50,1.0,1,4.8e-06,4.641588833612772e-05,0,2520000.0
a1341,16,50,0.599484250318941,1,4.8e-06,4.641588833612772e-05,0,2520000.0
a1342,16,50,0.35938136638046275,1,4.8e-06,4.641588833612772e-05,0,2520000.0
a1343,16,50,0.2154434690031884,1,4.8e-06,4.641588833612772e-05,0,2520000.0
a1344,16,50,0.1291549665014884,1,4.8e-06,4.641588833612772e-05,0,2520000.0
a1345,16,50,0.0774263682681127,1,4.8e-06,4.641588833612772e-05,0,2520000.0
a1346,16,50,0.046415888336127795,1,4.8e-06,4.641588833612772e-05,0,2520000.0
a1347,16,50,0.027825594022071257,1,4.8e-06,4.641588833612772e-05,0,2520000.0
a1348,16,50,0.016681005372000592,1,4.8e-06,4.641588833612772e-05,0,2520000.0
a1349,16,50,0.01,1,4.8e-06,4.641588833612772e-05,0,2520000.0
a1350,16,50,1.0,1,4.8e-06,0.00021544346900318823,0,2520000.0
a1351,16,50,0.599484250318941,1,4.8e-06,0.00021544346900318823,0,2520000.0
a1352,16,50,0.35938136638046275,1,4.8e-06,0.00021544346900318823,0,2520000.0
a1353,16,50,0.2154434690031884,1,4.8e-06,0.00021544346900318823,0,2520000.0
a1354,16,50,0.1291549665014884,1,4.8e-06,0.00021544346900318823,0,2520000.0
a1355,16,50,0.0774263682681127,1,4.8e-06,0.00021544346900318823,0,2520000.0
a1356,16,50,0.046415888336127795,1,4.8e-06,0.00021544346900318823,0,2520000.0
a1357,16,50,0.027825594022071257,1,4.8e-06,0.00021544346900318823,0,2520000.0
a1358,16,50,0.016681005372000592,1,4.8e-06,0.00021544346900318823,0,2520000.0
a1359,16,50,0.01,1,4.8e-06,0.00021544346900318823,0,2520000.0
a1360,16,50,1.0,1,4.8e-06,0.001,0,2520000.0
a1361,16,50,0.599484250318941,1,4.8e-06,0.001,0,2520000.0
a1362,16,50,0.35938136638046275,1,4.8e-06,0.001,0,2520000.0
a1363,16,50,0.2154434690031884,1,4.8e-06,0.001,0,2520000.0
a1364,16,50,0.1291549665014884,1,4.8e-06,0.001,0,2520000.0
a1365,16,50,0.0774263682681127,1,4.8e-06,0.001,0,2520000.0
a1366,16,50,0.046415888336127795,1,4.8e-06,0.001,0,2520000.0
a1367,16,50,0.027825594022071257,1,4.8e-06,0.001,0,2520000.0
a1368,16,50,0.016681005372000592,1,4.8e-06,0.001,0,2520000.0
a1369,16,50,0.01,1,4.8e-06,0.001,0,2520000.0
a1370,16,50,1.0,1,4.8e-06,0.004641588833612773,0,2520000.0
a1371,16,50,0.599484250318941,1,4.8e-06,0.004641588833612773,0,2520000.0
a1372,16,50,0.35938136638046275,1,4.8e-06,0.004641588833612773,0,2520000.0
a1373,16,50,0.2154434690031884,1,4.8e-06,0.004641588833612773,0,2520000.0
a1374,16,50,0.1291549665014884,1,4.8e-06,0.004641588833612773,0,2520000.0
a1375,16,50,0.0774263682681127,1,4.8e-06,0.004641588833612773,0,2520000.0
a1376,16,50,0.046415888336127795,1,4.8e-06,0.004641588833612773,0,2520000.0
a1377,16,50,0.027825594022071257,1,4.8e-06,0.004641588833612773,0,2520000.0
a1378,16,50,0.016681005372000592,1,4.8e-06,0.004641588833612773,0,2520000.0
a1379,16,50,0.01,1,4.8e-06,0.004641588833612773,0,2520000.0
a1380,16,50,1.0,1,4.8e-06,0.021544346900318822,0,2520000.0
a1381,16,50,0.599484250318941,1,4.8e-06,0.021544346900318822,0,2520000.0
a1382,16,50,0.35938136638046275,1,4.8e-06,0.021544346900318822,0,2520000.0
a1383,16,50,0.2154434690031884,1,4.8e-06,0.021544346900318822,0,2520000.0
a1384,16,50,0.1291549665014884,1,4.8e-06,0.021544346900318822,0,2520000.0
a1385,16,50,0.0774263682681127,1,4.8e-06,0.021544346900318822,0,2520000.0
a1386,16,50,0.046415888336127795,1,4.8e-06,0.021544346900318822,0,2520000.0
a1387,16,50,0.027825594022071257,1,4.8e-06,0.021544346900318822,0,2520000.0
a1388,16,50,0.016681005372000592,1,4.8e-06,0.021544346900318822,0,2520000.0
a1389,16,50,0.01,1,4.8e-06,0.021544346900318822,0,2520000.0
a1390,16,50,1.0,1,4.8e-06,0.1,0,2520000.0
a1391,16,50,0.599484250318941,1,4.8e-06,0.1,0,2520000.0
a1392,16,50,0.35938136638046275,1,4.8e-06,0.1,0,2520000.0
a1393,16,50,0.2154434690031884,1,4.8e-06,0.1,0,2520000.0
a1394,16,50,0.1291549665014884,1,4.8e-06,0.1,0,2520000.0
a1395,16,50,0.0774263682681127,1,4.8e-06,0.1,0,2520000.0
a1396,16,50,0.046415888336127795,1,4.8e-06,0.1,0,2520000.0
a1397,16,50,0.027825594022071257,1,4.8e-06,0.1,0,2520000.0
a1398,16,50,0.016681005372000592,1,4.8e-06,0.1,0,2520000.0
a1399,16,50,0.01,1,4.8e-06,0.1,0,2520000.0
